t,Rectum,Semen,Model
0.0,1.0,,
0.014191106906338685,,1.002267573696145,
0.11,,,0.99999
0.14,,,0.99997
0.15,,,0.99995
0.16,,,0.99993
0.17,,,0.99989
0.18,,,0.99983
0.19,,,0.99982
0.21,,,0.99976
0.22,,,0.99967
0.23,,,0.99958
0.24,,,0.99955
0.25,,,0.99946
0.26,,,0.99939
0.27,,,0.99927
0.28,,,0.99911
0.29,,,0.99898
0.29900332225913623,0.9773242630385488,,
0.3,,,0.99882
0.31,,,0.99872
0.32,,,0.99859
0.33,,,0.99842
0.34,,,0.99823
0.35,,,0.99797
0.36,,,0.99778
0.37,,,0.99747
0.38,,,0.99705
0.39,,,0.99673
0.4,,,0.99641
0.41,,,0.99598
0.42,,,0.99554
0.43,,,0.99518
0.44,,,0.99474
0.45,,,0.99422
0.46,,,0.99362
0.47,,,0.9929
0.48,,,0.9922
0.49,,,0.99144
0.5,,,0.99074
0.51,,,0.99003
0.52,,,0.9892
0.53,,,0.98843
0.54,,,0.98757
0.55,,,0.9866
0.56,,,0.98565
0.5695301376364499,0.9614512471655328,,
0.57,,,0.98474
0.58,,,0.98364
0.5818353831598865,,1.0,
0.59,,,0.98248
0.6,,,0.98116
0.61,,,0.97999
0.62,,,0.97875
0.63,,,0.97749
0.64,,,0.97609
0.65,,,0.97464
0.66,,,0.97344
0.67,,,0.97187
0.68,,,0.97007
0.69,,,0.96837
0.7,,,0.96674
0.71,,,0.96488
0.72,,,0.96311
0.73,,,0.96128
0.74,,,0.95936
0.75,,,0.95764
0.76,,,0.95557
0.77,,,0.95355
0.78,,,0.95157
0.79,,,0.9494
0.8,,,0.94728
0.81,,,0.94499
0.8115804461319411,0.8775510204081632,,
0.82,,,0.94269
0.83,,,0.94036
0.84,,,0.93766
0.85,,,0.93523
0.86,,,0.93285
0.87,,,0.93007
0.88,,,0.92735
0.89,,,0.92442
0.9,,,0.92178
0.91,,,0.91883
0.92,,,0.91605
0.93,,,0.9129700000000001
0.94,,,0.91004
0.95,,,0.90692
0.96,,,0.90375
0.97,,,0.9005
0.98,,,0.89744
0.99,,,0.8941
1.0,,,0.89107
1.0075685903500473,,0.780045351473923,
1.01,,,0.88795
1.0109159943046986,0.8684807256235828,,
1.02,,,0.88447
1.03,,,0.88108
1.04,,,0.87741
1.05,,,0.87393
1.06,,,0.87034
1.07,,,0.8667199999999999
1.08,,,0.8630099999999999
1.09,,,0.8594499999999999
1.1,,,0.8552799999999999
1.11,,,0.8514299999999999
1.12,,,0.8472299999999999
1.13,,,0.84337
1.14,,,0.8394999999999999
1.15,,,0.8353999999999999
1.153298528713811,0.8458049886621315,,
1.16,,,0.8317399999999999
1.17,,,0.82744
1.18,,,0.82368
1.19,,,0.8196199999999999
1.2,,,0.8153499999999999
1.21,,,0.8111499999999999
1.22,,,0.80668
1.23,,,0.8022199999999999
1.24,,,0.79782
1.25,,,0.79325
1.26,,,0.78892
1.27,,,0.7846
1.28,,,0.7800699999999999
1.29,,,0.7755799999999999
1.2956810631229234,0.8458049886621315,,
1.3,,,0.7710199999999999
1.31,,,0.76678
1.32,,,0.76233
1.33,,,0.75806
1.34,,,0.75363
1.35,,,0.7489999999999999
1.36,,,0.7444899999999999
1.37,,,0.7398199999999999
1.38,,,0.7353799999999999
1.3811105837683912,0.8276643990929705,,
1.39,,,0.7303899999999999
1.4,,,0.72553
1.41,,,0.72075
1.4191106906338695,,0.7074829931972789,
1.42,,,0.71605
1.43,,,0.711
1.44,,,0.70621
1.45,,,0.7013199999999999
1.46,,,0.69666
1.47,,,0.69194
1.48,,,0.6874499999999999
1.49,,,0.68234
1.5,,,0.6775899999999999
1.51,,,0.67285
1.52,,,0.66832
1.53,,,0.66388
1.54,,,0.65884
1.55,,,0.65387
1.5519696250593262,0.8095238095238095,,
1.56,,,0.64915
1.57,,,0.6441399999999999
1.575212866603595,,0.6235827664399093,
1.58,,,0.6390199999999999
1.59,,,0.63393
1.6,,,0.6290899999999999
1.61,,,0.6239399999999999
1.62,,,0.61923
1.63,,,0.6145700000000001
1.64,,,0.60918
1.65,,,0.60436
1.66,,,0.59953
1.67,,,0.59455
1.68,,,0.5899700000000001
1.69,,,0.58558
1.7,,,0.58077
1.71,,,0.5757000000000001
1.72,,,0.57079
1.73,,,0.56601
1.7313150425733206,,0.5873015873015873,
1.737066919791172,0.8049886621315193,,
1.74,,,0.56061
1.75,,,0.55567
1.76,,,0.55061
1.77,,,0.54602
1.78,,,0.54076
1.79,,,0.53606
1.8,,,0.53118
1.81,,,0.52614
1.82,,,0.52115
1.83,,,0.5165600000000001
1.836734693877551,0.7777777777777778,,
1.84,,,0.51193
1.84484389782403,,0.4331065759637188,
1.85,,,0.5069300000000001
1.86,,,0.50226
1.87,,,0.49778
1.88,,,0.49327
1.89,,,0.48882000000000003
1.9,,,0.48444
1.91,,,0.47953
1.92,,,0.47509999999999997
1.93,,,0.47053999999999996
1.94,,,0.46565999999999996
1.95,,,0.46126
1.96,,,0.45682
1.97,,,0.45241
1.9791172282866634,0.7687074829931972,,
1.98,,,0.44819
1.99,,,0.44384
2.0,,,0.43936
2.01,,,0.43484
2.015137180700094,,0.4126984126984127,
2.02,,,0.43044000000000004
2.03,,,0.42615000000000003
2.04,,,0.42194
2.05,,,0.41796
2.06,,,0.41339000000000004
2.07,,,0.40909000000000006
2.08,,,0.40465000000000007
2.09,,,0.40048000000000006
2.1,,,0.39605
2.11,,,0.39216000000000006
2.12,,,0.38795
2.13,,,0.38360000000000005
2.14,,,0.37966
2.15,,,0.37568
2.1570482497634815,,0.3877551020408163,
2.16,,,0.37171
2.17,,,0.36759
2.18,,,0.36346999999999996
2.19,,,0.35951
2.2,,,0.35568
2.21,,,0.3519
2.22,,,0.34819999999999995
2.23,,,0.3441599999999999
2.24,,,0.3402799999999999
2.25,,,0.33660999999999996
2.26,,,0.33246
2.27,,,0.32870999999999995
2.28,,,0.3250799999999999
2.29,,,0.3215199999999999
2.3,,,0.31791999999999987
2.31,,,0.31455999999999984
2.3131504257332067,,0.3718820861678004,
2.32,,,0.3109399999999999
2.33,,,0.30738999999999983
2.34,,,0.30403999999999987
2.35,,,0.3003699999999999
2.36,,,0.2969599999999999
2.37,,,0.29367999999999994
2.38,,,0.29050999999999993
2.39,,,0.2870999999999999
2.4,,,0.2840299999999999
2.41,,,0.2807799999999999
2.42,,,0.2775599999999999
2.43,,,0.2745199999999999
2.44,,,0.2712399999999999
2.45,,,0.2680499999999999
2.46,,,0.26469999999999994
2.47,,,0.26159
2.48,,,0.25825999999999993
2.49,,,0.25515
2.5,,,0.25239999999999996
2.51,,,0.24915999999999994
2.52,,,0.2460199999999999
2.53,,,0.24281999999999992
2.54,,,0.2397299999999999
2.55,,,0.23681999999999992
2.56,,,0.23373999999999995
2.57,,,0.23121999999999998
2.58,,,0.22834999999999994
2.5827814569536414,,0.2857142857142857,
2.59,,,0.2254299999999999
2.5913621262458473,0.3310657596371882,,
2.6,,,0.22243999999999986
2.61,,,0.2198899999999998
2.62,,,0.21707999999999983
2.63,,,0.21423999999999987
2.64,,,0.21140999999999988
2.65,,,0.2087699999999999
2.66,,,0.20607999999999993
2.67,,,0.20348999999999995
2.68,,,0.20111999999999997
2.69,,,0.1987899999999999
2.7,,,0.19613999999999987
2.71,,,0.1932799999999999
2.72,,,0.1907199999999999
2.73,,,0.18802999999999992
2.74,,,0.18536999999999992
2.75,,,0.18308999999999997
2.76,,,0.18053999999999992
2.77,,,0.1783999999999999
2.78,,,0.1761999999999999
2.79,,,0.17383999999999988
2.8,,,0.17160999999999993
2.81,,,0.16913999999999996
2.82,,,0.16684
2.83,,,0.16462999999999994
2.84,,,0.16227999999999998
2.85,,,0.16006999999999993
2.86,,,0.15782999999999991
2.87,,,0.15562999999999994
2.8761271950640723,0.2448979591836734,,
2.88,,,0.15357999999999994
2.89,,,0.15135999999999994
2.894985808893093,,0.2675736961451247,
2.9,,,0.14939999999999998
2.91,,,0.14742
2.92,,,0.14517999999999998
2.93,,,0.14303999999999994
2.94,,,0.14103
2.95,,,0.1392
2.96,,,0.13747999999999994
2.97,,,0.13557999999999992
2.98,,,0.1340499999999999
2.99,,,0.13205999999999984
3.0,,,0.1302399999999998
3.01,,,0.12858999999999976
3.0185097294731844,0.1836734693877551,,
3.02,,,0.12677999999999978
3.03,,,0.12492999999999976
3.04,,,0.12317999999999973
3.05,,,0.12151999999999974
3.06,,,0.11980999999999975
3.07,,,0.11811999999999978
3.08,,,0.11648999999999976
3.09,,,0.11489999999999978
3.1,,,0.11341999999999974
3.11,,,0.1118199999999997
3.12,,,0.1104299999999997
3.13,,,0.10901999999999967
3.1362346263008516,,0.2086167800453514,
3.14,,,0.1073799999999997
3.15,,,0.1058899999999997
3.16,,,0.10451999999999972
3.17,,,0.10278999999999971
3.18,,,0.10133999999999976
3.19,,,0.09974999999999978
3.2,,,0.09830999999999979
3.21,,,0.09696999999999978
3.22,,,0.09536999999999973
3.23,,,0.09404999999999974
3.24,,,0.0927699999999998
3.25,,,0.09159999999999979
3.26,,,0.09030999999999978
3.27,,,0.08904999999999974
3.28,,,0.08768999999999971
3.29,,,0.0864499999999997
3.3,,,0.08528999999999964
3.31,,,0.08420999999999967
3.32,,,0.0826199999999997
3.33,,,0.08150999999999964
3.34,,,0.08033999999999963
3.35,,,0.07914999999999961
3.36,,,0.07789999999999964
3.37,,,0.07693999999999968
3.38,,,0.07593999999999967
3.39,,,0.07486999999999966
3.4,,,0.07372999999999963
3.41,,,0.07268999999999959
3.42,,,0.07171999999999956
3.43,,,0.07074999999999954
3.4342478713339637,,0.1950113378684807,
3.44,,,0.06961999999999957
3.45,,,0.06847999999999954
3.46,,,0.06753999999999949
3.47,,,0.06646999999999947
3.48,,,0.06544999999999945
3.49,,,0.06440999999999941
3.5,,,0.06348999999999938
3.51,,,0.06268999999999936
3.52,,,0.0616799999999994
3.53,,,0.060789999999999456
3.54,,,0.059889999999999444
3.55,,,0.059019999999999406
3.56,,,0.058059999999999445
3.57,,,0.05712999999999946
3.58,,,0.05643999999999949
3.59,,,0.05567999999999951
3.6,,,0.0547299999999995
3.61,,,0.0539499999999995
3.618732261116367,,0.163265306122449,
3.62,,,0.05309999999999948
3.63,,,0.052109999999999435
3.64,,,0.05132999999999943
3.65,,,0.050419999999999465
3.66,,,0.04974999999999952
3.67,,,0.048949999999999494
3.68,,,0.04803999999999953
3.69,,,0.04738999999999949
3.7,,,0.046649999999999525
3.7019458946369252,0.054421768707483,,
3.71,,,0.04595999999999956
3.72,,,0.04539999999999955
3.73,,,0.04469999999999952
3.74,,,0.04404999999999948
3.75,,,0.043269999999999476
3.76,,,0.04264999999999952
3.77,,,0.04205999999999954
3.78,,,0.04131999999999958
3.79,,,0.040779999999999594
3.8,,,0.040129999999999555
3.81,,,0.039579999999999504
3.82,,,0.03889999999999949
3.83,,,0.03830999999999951
3.8315988647114474,,0.108843537414966,
3.84,,,0.03769999999999951
3.85,,,0.03704999999999947
3.86,,,0.036589999999999456
3.87,,,0.03592999999999946
3.88,,,0.03545999999999949
3.89,,,0.03482999999999947
3.9,,,0.034159999999999524
3.901281442809682,0.0476190476190476,,
3.91,,,0.03359999999999952
3.92,,,0.03310999999999953
3.93,,,0.03264999999999951
3.94,,,0.03201999999999949
3.95,,,0.031449999999999534
3.96,,,0.03094999999999959
3.97,,,0.030519999999999547
3.98,,,0.03015999999999952
3.99,,,0.02964999999999951
4.0,,,0.02915999999999952
4.0009492168960605,0.0249433106575963,,
4.01,,,0.028889999999999527
4.02,,,0.02817999999999954
4.03,,,0.027739999999999543
4.04,,,0.0273099999999995
4.05,,,0.02679999999999949
4.06,,,0.02634999999999954
4.07,,,0.025849999999999596
4.08,,,0.025399999999999645
4.09,,,0.024969999999999604
4.1,,,0.024599999999999622
4.11,,,0.02420999999999962
4.12,,,0.023729999999999585
4.13,,,0.023349999999999538
4.14,,,0.022949999999999582
4.15,,,0.02261999999999953
4.16,,,0.022219999999999573
4.17,,,0.021869999999999612
4.18,,,0.02149999999999963
4.19,,,0.021119999999999584
4.2,,,0.02082999999999957
4.21,,,0.020609999999999573
4.22,,,0.02029999999999954
4.23,,,0.019919999999999494
4.24,,,0.019579999999999487
4.25,,,0.019309999999999494
4.26,,,0.019019999999999482
4.27,,,0.01868999999999943
4.28,,,0.01852999999999938
4.29,,,0.0181599999999994
4.299905392620624,,0.0657596371882086,
4.299952539155197,0.0249433106575963,,
4.3,,,0.017819999999999392
4.31,,,0.01750999999999936
4.32,,,0.017229999999999412
4.33,,,0.016949999999999465
4.34,,,0.016799999999999482
4.35,,,0.01654999999999951
4.36,,,0.016269999999999563
4.37,,,0.01607999999999954
4.38,,,0.015789999999999527
4.39,,,0.01550999999999958
4.3992431409649955,,0.0385487528344671,
4.4,,,0.015359999999999596
4.41,,,0.015089999999999604
4.42,,,0.014799999999999591
4.43,,,0.014569999999999639
4.44,,,0.01434999999999964
4.45,,,0.014049999999999674
4.46,,,0.013829999999999676
4.47,,,0.013579999999999703
4.470811580446132,0.0113378684807256,,
4.48,,,0.013339999999999685
4.49,,,0.013159999999999727
4.5,,,0.012969999999999704
4.51,,,0.012749999999999706
4.52,,,0.012429999999999719
4.53,,,0.012169999999999681
4.54,,,0.011909999999999643
4.55,,,0.01177999999999968
4.56,,,0.011579999999999702
4.57,,,0.01134999999999975
4.58,,,0.011199999999999766
4.59,,,0.011069999999999802
4.6,,,0.010929999999999773
4.61,,,0.01069999999999982
4.62,,,0.010579999999999812
4.63,,,0.010409999999999808
4.64,,,0.010199999999999765
4.65,,,0.009989999999999721
4.66,,,0.009829999999999672
4.67,,,0.009709999999999663
4.68,,,0.00955999999999968
4.69,,,0.009439999999999671
4.7,,,0.009239999999999693
4.71,,,0.00902999999999965
4.72,,,0.008839999999999626
4.73,,,0.008639999999999648
4.74,,,0.00843999999999967
4.75,,,0.008269999999999667
4.76,,,0.008129999999999638
4.77,,,0.00788999999999962
4.78,,,0.007739999999999636
4.79,,,0.0076299999999995816
4.8,,,0.007539999999999547
4.81,,,0.007389999999999564
4.82,,,0.007289999999999575
4.83,,,0.007169999999999566
4.84,,,0.007089999999999597
4.85,,,0.006949999999999568
4.86,,,0.006859999999999533
4.87,,,0.006739999999999524
4.88,,,0.006659999999999555
4.89,,,0.006579999999999586
4.9,,,0.006439999999999557
4.91,,,0.006359999999999588
4.92,,,0.00617999999999963
4.93,,,0.006109999999999616
4.94,,,0.005999999999999561
4.95,,,0.005859999999999532
4.96,,,0.005789999999999518
4.97,,,0.005719999999999503
4.98,,,0.005619999999999514
4.99,,,0.005539999999999545
5.0,,,0.005429999999999491
5.01,,,0.005339999999999456
5.02,,,0.005259999999999487
5.03,,,0.005199999999999538
5.04,,,0.005149999999999544
5.05,,,0.005049999999999555
5.06,,,0.004869999999999597
5.07,,,0.004779999999999562
5.08,,,0.004609999999999559
5.09,,,0.00452999999999959
5.1,,,0.004449999999999621
5.11,,,0.004389999999999672
5.12,,,0.0043199999999996574
5.13,,,0.004289999999999683
5.14,,,0.0042199999999996685
5.15,,,0.0040999999999996595
5.16,,,0.004069999999999685
5.17,,,0.004009999999999736
5.18,,,0.0039199999999997015
5.19,,,0.0038399999999997325
5.2,,,0.0037599999999997635
5.21,,,0.0037399999999997435
5.22,,,0.0036399999999997545
5.23,,,0.00356999999999974
5.24,,,0.0034799999999997056
5.25,,,0.0033999999999997366
5.26,,,0.0033399999999997876
5.27,,,0.0032799999999998386
5.28,,,0.003249999999999864
5.29,,,0.0031999999999998696
5.3,,,0.0031399999999999206
5.31,,,0.0030799999999999716
5.32,,,0.0030599999999999516
5.33,,,0.002969999999999917
5.34,,,0.002929999999999877
5.35,,,0.0028999999999999027
5.36,,,0.002809999999999868
5.37,,,0.0027599999999998737
5.38,,,0.002729999999999899
5.39,,,0.00266999999999995
5.4,,,0.0026199999999999557
5.41,,,0.0025799999999999157
5.42,,,0.002549999999999941
5.43,,,0.0024999999999999467
5.44,,,0.0024199999999999777
5.45,,,0.0023699999999999832
5.46,,,0.0023499999999999632
5.47,,,0.0023199999999999887
5.48,,,0.0022900000000000142
5.49,,,0.0022400000000000198
5.5,,,0.0021299999999999653
5.51,,,0.0021200000000000108
5.52,,,0.0020799999999999708
5.53,,,0.0020399999999999308
5.54,,,0.0019999999999998908
5.55,,,0.0019599999999998508
5.56,,,0.0018999999999999018
5.57,,,0.0018699999999999273
5.58,,,0.0018299999999998873
5.59,,,0.0017899999999998473
5.6,,,0.0017699999999998273
5.61,,,0.0017499999999998073
5.62,,,0.0017199999999998328
5.63,,,0.0016799999999997928
5.64,,,0.0016399999999997528
5.65,,,0.0016099999999997783
5.67,,,0.0015799999999998038
5.68,,,0.0015299999999998093
5.69,,,0.0014899999999997693
5.690633869441816,,0.0385487528344671,
5.7,,,0.0014399999999997748
5.71,,,0.0013999999999997348
5.72,,,0.0013799999999997148
5.73,,,0.0013399999999996748
5.74,,,0.0013199999999996548
5.75,,,0.0012799999999996148
5.76,,,0.0012299999999996203
5.77,,,0.0011999999999996458
5.78,,,0.0011899999999996913
5.79,,,0.0011799999999997368
5.81,,,0.0011499999999997623
5.82,,,0.0011399999999998078
5.83,,,0.0010999999999997678
5.84,,,0.0010799999999997478
5.85,,,0.0010699999999997933
5.86,,,0.0010599999999998388
5.87,,,0.0010499999999998844
5.88,,,0.0010299999999998644
5.9,,,0.0009999999999998899
5.91,,,0.0009699999999999154
5.92,,,0.0009599999999999609
5.93,,,0.0009199999999999209
5.94,,,0.0009099999999999664
5.95,,,0.0008799999999999919
5.96,,,0.0008599999999999719
5.97,,,0.0008399999999999519
5.98,,,0.0007999999999999119
5.99,,,0.0007899999999999574
6.0,,,0.0007599999999999829
6.01,,,0.0007399999999999629
6.031220435193945,,0.0090702947845804,
6.05,,,0.0007199999999999429
6.06,,,0.0007099999999999884
6.07,,,0.0007000000000000339
6.08,,,0.0006599999999999939
6.09,,,0.0006500000000000394
6.1,,,0.0006300000000000194
6.13,,,0.0006099999999999994
6.16,,,0.0005899999999999794
6.17,,,0.0005699999999999594
6.18,,,0.0005399999999999849
6.19,,,0.0005199999999999649
6.2,,,0.0005100000000000104
6.21,,,0.000500000000000056
6.22,,,0.0004900000000001015
6.25,,,0.000480000000000147
6.2648315140009485,0.0113378684807256,,
6.27,,,0.0004700000000001925
6.28,,,0.000460000000000238
6.3,,,0.0004500000000002835
6.32,,,0.000440000000000329
6.34,,,0.0004300000000003745
6.36,,,0.00042000000000042004
6.37,,,0.00041000000000046555
6.38,,,0.00039000000000044555
6.4072140484100615,0.0022675736961451,,
6.41,,,0.00038000000000049106
6.44,,,0.00035000000000051656
6.45,,,0.0003400000000005621
6.47,,,0.0003300000000006076
6.51,,,0.0003200000000006531
6.53,,,0.0003100000000006986
6.54,,,0.0003000000000007441
6.55,,,0.0002900000000007896
6.56,,,0.00028000000000083514
6.58,,,0.00027000000000088065
6.62,,,0.00026000000000092616
6.63,,,0.00025000000000097167
6.67,,,0.00023000000000095167
6.68,,,0.00022000000000099718
6.7,,,0.00021000000000104269
6.75,,,0.0002000000000010882
6.76,,,0.0001900000000011337
6.79,,,0.00018000000000117922
6.81,,,0.00016000000000115921
6.83,,,0.00015000000000120473
6.85,,,0.00014000000000125024
6.86,,,0.00013000000000129575
6.93,,,0.00012000000000134126
6.97,,,0.00011000000000138677
7.0,,,0.00010000000000143228
7.18,,,9.000000000147779e-05
7.2,,,7.000000000145779e-05
7.28,,,6.0000000001503295e-05
7.33,,,5.0000000001548806e-05
7.51,,,4.0000000001594316e-05
7.59,,,3.0000000001639826e-05
7.66,,,2.0000000001685336e-05
7.69,,,1.0000000001730847e-05
8.29,,,1.7763568394002505e-15
8.44328429046037,0.0022675736961451,,
8.4720908230842,,0.0022675736961451,
