inf_prob,diag_prob,i0,vaccine_efficacy1,vaccine_efficacy2,infection_efficacy,replacement_percentage,permutation_percentage,0,1,2,3,4,5,6,7,8,9,10,11,12,13,14,15,16,17,18,19,20,21,22,23,24,25
0.6880758917567258,0.2629686258063369,14.0,0.71,0.76,0.9,0.1,0.0,0.9092431701313904,0.306744171482785,0.8507629930087011,0.13230055131589757,1.8545211308964333,0.0,0.0,0.0,0.0,0.0,0.0,0.0,0.0,0.0,0.0,0.0,0.0,0.0,0.0,0.0,0.0,0.0,0.0,0.0,0.0,0.0
0.6880758917567258,0.2629686258063369,14.0,0.71,0.76,0.9,0.2,0.0,1.3155485643385636,0.9580477763666193,0.6473974378874793,0.7551734224334133,0.7474621596097514,0.22340499291341406,1.0985718709958943,0.9134077118939489,0.811954849057709,0.8846921917083391,0.5658018766085159,0.5668435674205072,0.24198292720257086,0.6926475740006569,1.265027684107902,0.9278505168014843,0.6677371218405244,0.8720603788960646,0.807285291218909,0.5499585837628795,0.5827833657588302,0.6078017886419245,0.5834835478157349,0.09812247737969057,0.1305344060659596,0.0703747904027714
0.6880758917567258,0.2629686258063369,14.0,0.71,0.76,0.9,0.3,0.0,1.832607506855893,1.1402167485433636,0.7397674004066175,0.2975590844926485,0.5643037404848836,0.548130256017593,1.9370204030321645,1.6424790941543128,0.8952824426926268,0.5735447697138354,1.0533741849813567,0.829983506732955,0.2582670813658592,1.3128987794366027,0.9946608850807896,0.6373038517510604,0.5149984763100739,0.6777178623452002,0.6146807104540539,0.4839172173820196,1.0763330860464146,0.8180735459809463,0.3631174833756962,0.4608788861967884,0.4039008972916493,0.3410158654738796
0.6880758917567258,0.2629686258063369,14.0,0.71,0.76,0.9,0.4,0.0,0.9649646592563167,0.8609747350477603,0.7456398633807657,1.2519614237000214,0.9572710799348856,0.6462734778114562,0.6562245752054481,1.0969059918667725,1.4542954758425655,1.0833819848979416,1.26083183219521,1.205897609224231,0.9433732903217912,0.8601629464208322,1.231177187925322,1.1325806536276262,0.7112671762289796,1.0355906106771826,0.958403813208919,0.8700822304647179,0.9660912044325191,0.8881747660707796,1.0488249282678304,1.02218672259562,0.9224462294889154,1.015183104828848
0.6880758917567258,0.2629686258063369,14.0,0.71,0.76,0.9,0.5,0.0,1.4099694402809653,0.996049666999929,1.0345020544200574,1.3539634515919163,1.2435118838101558,1.856168105407925,1.438529135726921,0.9493679057965231,0.9170267716360998,0.981702277460139,1.1720828986416045,0.9914430817092267,1.2779988108241367,1.2764819682386066,1.215365513136007,1.1687967992215227,1.0528496311810327,1.0253644920076221,0.9857113352027541,0.8431944470477958,1.0878497220071364,0.9469111385794229,0.9034751265144696,0.8350829815214944,0.8218639209887105,0.7795374539300013
0.6880758917567258,0.2629686258063369,14.0,0.71,0.76,0.9,0.6,0.0,2.240702377279958,1.7304962993102013,1.6040932218628723,1.5500505823157478,1.248679755985622,1.2755124495637908,1.4181435196310557,1.3428917004839873,1.2938716990343453,1.1655233508987393,1.0993748620633852,1.1095291633208073,1.0763620484156258,0.9830685709128894,0.9478194279805123,0.8784706224183848,0.8248036149116336,0.7658230597220533,0.742978852683923,0.7300158879017072,0.6490760352567347,0.6482360748821354,0.5955517902913948,0.6065471015694188,0.5488034762323007,0.5232720573601247
0.6880758917567258,0.2629686258063369,14.0,0.71,0.76,0.9,0.7,0.0,2.889971134889325,1.7632037278931518,1.596304036331002,1.2470458538501945,1.4642533222514862,1.285636137567163,1.351398035964489,1.5502866319456607,1.2964492746463012,1.2868173151345637,1.2555955010137476,1.2390468608286818,1.1063924170157806,1.224350218404605,1.1330365392560409,1.000166905966175,0.9571942911105711,0.852614341008821,0.7992391841202009,0.7346843208024879,0.6477627644121462,0.6495357138360794,0.6019228818813783,0.5872571523055706,0.5602662115915154,0.4973677948086168
0.6880758917567258,0.2629686258063369,14.0,0.71,0.76,0.9,0.8,0.0,1.9943928808117608,1.4907096211535908,0.9584030812912095,1.590399154181116,1.7406029434570276,1.7479642384996104,1.5474498876327845,1.3811684797026986,1.3809055402877135,1.2849402457223704,1.2195487122403994,1.113312425425288,1.003046876638963,0.8855237886989349,0.7937656559902069,0.6777168240120561,0.600650925229451,0.5456587667692879,0.5275868739878304,0.5069749034687291,0.5244059626715327,0.48062717409525474,0.5108230754348293,0.5118279131652094,0.5156542824318882,0.35669142207353854
0.6880758917567258,0.2629686258063369,14.0,0.71,0.76,0.9,0.9,0.0,2.073669501873241,1.0705502219798098,1.4321317271921863,1.325820275016985,1.437425423638139,1.8503753017028342,1.4110738460325116,1.3805437017797013,1.4299891100903714,1.4630810405700567,1.331492533318675,1.2484246184151628,1.087160618359127,0.9089462370462552,0.7702600918519803,0.714988100832689,0.6346053083772992,0.5276592563473697,0.4388289742106067,0.41748567666809167,0.3732138823183847,0.3889686631050739,0.3554950196075063,0.4115948621061552,0.3922686495771812,0.4480895126627794
0.6880758917567258,0.2629686258063369,14.0,0.71,0.76,0.9,1.0,0.0,2.311783088674936,1.7097990372466907,1.5449269474434462,1.184209095658793,1.604863245955809,1.604684750724083,1.6011645463487438,1.5507288578057823,1.4894065223907642,1.2934082104883284,1.1057828623296022,0.9216898340253119,0.7603758322394281,0.6477078997615904,0.5595144329830709,0.5110527227879182,0.4864918486542764,0.46410039009640586,0.4232423612290405,0.4232762135884687,0.39601012040977424,0.4067081530532737,0.4623984128209644,0.426953006354904,0.45997837869651853,0.28551328107411517
0.6880758917567258,0.2629686258063369,14.0,0.66,0.8,0.84,0.1,0.0,0.8364006569207566,0.6481738468548213,0.6269637091983251,0.1718608591356689,0.6058122467324755,0.872205198920628,-9.202829933392027e-16,-9.202829933392027e-16,-9.202829933392027e-16,0.20620803592683576,0.20620803592683576,0.0,0.0,0.0,0.0,0.0,0.0,0.0,0.0,0.0,0.0,0.0,0.0,0.0,0.0,0.0
0.6880758917567258,0.2629686258063369,14.0,0.66,0.8,0.84,0.2,0.0,0.804454317123897,0.8706104098522798,0.9080756538335883,0.3435841009164811,0.5715715772055507,0.709764557301583,0.7864970272483266,0.8774273429034535,0.7020116016217905,0.6148007801690083,0.6796062892812847,0.5559940488584282,0.12279491474034619,0.47750380896259625,0.966621415367583,0.4025244432641237,0.47484733949276087,0.6062365641575723,0.46524749466978343,0.19766690798149794,0.036047494592311456,0.14471123524496646,0.1452182712535212,0.0,0.0,0.0
0.6880758917567258,0.2629686258063369,14.0,0.66,0.8,0.84,0.3,0.0,1.5094509536005176,1.141191681017854,0.9215134273775217,0.8329288059140971,0.8135135015684666,1.086679573830248,1.521959426757002,0.9988143309385515,0.7961161349731444,0.8079673249992987,0.8569826046431234,1.5578314130207283,1.2573729509049514,0.8681523021469344,1.1843835691672937,1.054469769923813,0.9404290573685186,0.8022612305231586,0.5514731289730972,0.862660453426703,0.917327120995618,0.8092749214651377,0.8500598626208008,0.7250420942720641,0.7728467542719382,0.7023609235256795
0.6880758917567258,0.2629686258063369,14.0,0.66,0.8,0.84,0.4,0.0,1.4977155400170201,1.1434835021596712,0.5930936803999828,0.7365670786983376,1.1761585819251903,1.3085889210922916,1.3040676614346414,1.1373330347108268,1.552181747474202,1.16631973838717,1.062125256759251,0.8901417964158805,0.931150382073968,0.8568405453586774,1.1193752665557344,1.1685696288817053,1.110076944431099,0.7760063322773533,0.8167225457968598,0.8292444934190312,0.9881512323397317,0.8075720227170328,1.0237542513323348,0.8618464662128708,0.9976797068382737,0.9460025157087372
0.6880758917567258,0.2629686258063369,14.0,0.66,0.8,0.84,0.5,0.0,1.292033602468462,1.4004184877998043,1.3441586771305725,1.0340605715618831,1.4492968877987455,0.9831638697870386,1.0080784467433879,0.9253799250369329,0.9772799495779083,1.1118930207147355,1.0615969835893573,0.9527863568846526,0.9522016187243411,0.970247397259028,0.8191601618695417,0.8009934872424875,0.7725706481896399,0.7703221919796076,0.7006625976438277,0.7271518081468988,0.66607598351121,0.6286878171246604,0.6720284698365834,0.7132417716503111,0.7075949369079222,0.6272350234818184
0.6880758917567258,0.2629686258063369,14.0,0.66,0.8,0.84,0.6,0.0,1.3982991212904554,1.2697674014252645,0.985253751213675,0.986603254285224,1.289107568696118,1.33091639467718,1.182961424775812,1.25174283139787,1.2518559203363349,1.0942652705518172,1.2244708195495213,1.2296339344576122,1.2101052053027017,1.0926967232712015,0.9785481057740995,0.8725544960980907,0.8514391992431003,0.8255437362325259,0.7288514762091979,0.696522588555027,0.6297499455917946,0.6445193585188511,0.6829615802091408,0.642112140296502,0.6181838675075219,0.49969944420428275
0.6880758917567258,0.2629686258063369,14.0,0.66,0.8,0.84,0.7,0.0,1.678990079557505,1.7117660882392787,1.0712142068037773,0.9856532929231806,1.6103916189675418,1.3621150104811042,0.9909864931047947,1.1203776144898803,1.3115455645211536,1.4764812504998819,1.4117770984933111,1.3585349390913886,1.1570724705368882,1.131365680961632,1.0022721650571305,0.9489852125654223,0.9058243173763082,0.7746077989977225,0.7137557154086469,0.7072405638207582,0.6932810334023424,0.6358247514144943,0.6005226657711547,0.5472732474839782,0.5374751668184208,0.5042370914680426
0.6880758917567258,0.2629686258063369,14.0,0.66,0.8,0.84,0.8,0.0,2.4209976646580578,2.0377732791915997,1.3259431222560705,1.3078419542324176,1.4679662677735354,1.470758303714461,1.2842475528478834,1.2248810884991417,1.2119150313903322,1.2578627372034958,1.2818713905142651,1.079577293616114,0.9148621284787972,0.8063230183660239,0.7284828753902785,0.6309969898594467,0.595199960070626,0.5534406306346498,0.5337263588869408,0.5144752805044366,0.45950052057713076,0.49709299604794466,0.448195538416073,0.3845637942660012,0.3958354535261459,0.4124869743424322
0.6880758917567258,0.2629686258063369,14.0,0.66,0.8,0.84,0.9,0.0,2.1783124608745714,1.8451637844843125,1.5212695499632993,1.6339771893867694,1.622191838347106,1.9486324824313863,1.3759434039055247,1.5363069928686286,1.5789529951083578,1.4021114939917179,1.3328667811699992,1.1633407916683949,1.0563013880377032,0.9086932847750081,0.7911382459200603,0.6623445455956112,0.5850510253538665,0.5306036257320143,0.49330327901584586,0.45941177583484927,0.3942717528315879,0.3839664543023433,0.3505476066852131,0.3731865085906876,0.3792965682032484,0.3112681925597567
0.6880758917567258,0.2629686258063369,14.0,0.66,0.8,0.84,1.0,0.0,2.0618912287554134,1.3633049987602341,1.828818121052179,1.1830118645130951,1.6536597857172288,1.9521278499058887,1.6112541141036607,1.6297889644319838,1.4975194706006856,1.4038776361506402,1.2244929545105496,1.06355049587793,0.9324048371420082,0.8006814730801304,0.6915235695556424,0.5820845725213808,0.5301519982069859,0.5009531826532512,0.47902389740601786,0.4165436018856794,0.3646742681462479,0.34290294882374556,0.42491248574196133,0.36805380188119013,0.26559129045712765,0.2708977284581323
0.6880758917567258,0.2629686258063369,14.0,0.78,0.82,0.92,0.1,0.0,0.5188050852101227,0.6843290907772633,0.6868611007458759,0.16844883553294007,0.35301908452457387,0.47031665269938233,0.1923175024358335,0.36860290985207333,0.4488198055784232,0.1922364623446106,0.0,0.0,0.0,0.0,0.0,0.0,0.0,0.0,0.0,0.0,0.0,0.0,0.0,0.0,0.0,0.0
0.6880758917567258,0.2629686258063369,14.0,0.78,0.82,0.92,0.2,0.0,1.3394164905786936,0.9139807816068263,0.6144764559517998,0.07763588999009907,0.03881588301388497,0.1941041611655153,0.31057655630331404,0.15528796935779018,0.4659134115808216,0.4659134115808216,0.4659134115808216,0.0,0.0,0.0,0.0,0.0,0.0,0.0,0.0,0.0,0.0,0.0,0.0,0.0,0.0,0.0
0.6880758917567258,0.2629686258063369,14.0,0.78,0.82,0.92,0.3,0.0,1.2897819977514386,0.7728593535125354,0.6513885582518217,0.1357799116408679,1.0733228164889788,0.9715443257216904,0.9585145463786562,1.072995037736786,1.874528307815558,1.5590129190678994,0.784217320356989,1.2266982197897058,0.5136486471460899,1.183101819720083,1.5007875650989548,0.8041950021805211,0.3286019060127993,0.8011610679326027,8.936415413452609e-17,0.20613687293061778,1.2184536649292552,1.0062499170164976,0.7643068353782984,0.0,0.0,0.0
0.6880758917567258,0.2629686258063369,14.0,0.78,0.82,0.92,0.4,0.0,1.769440638243163,1.7170077445868845,0.8763711623178156,0.6483411281272267,0.42972503705942666,1.0586291109433332,0.9908905359136022,1.0515719646813444,1.2521289492311212,1.1841626499688775,0.9848849004860023,0.7853412407053026,0.3598169022477328,0.6009422570916033,0.5070572537254665,0.3808523663561575,0.38170640786061005,0.6704843131044832,0.960267969392111,0.0,0.0,0.0,0.0,0.0,0.0,0.0
0.6880758917567258,0.2629686258063369,14.0,0.78,0.82,0.92,0.5,0.0,2.0317081754482897,1.6346575581818337,1.262443256192608,1.192134959981273,0.8822958660197607,0.9815299519241341,1.120394878892859,1.0635895804127338,1.0667417911784556,1.1316761129841133,1.2010964980048207,1.1328138959322154,1.1422554483394494,1.1435096807789518,0.9822296725882227,0.9264970504889675,0.9548012076298454,0.8938888862139647,1.0063601166707534,0.9046131248738929,0.8617073693366134,0.8519415948090513,0.7816758284154157,0.8684151617374368,0.9010727680098006,0.8313557411454706
0.6880758917567258,0.2629686258063369,14.0,0.78,0.82,0.92,0.6,0.0,1.4664534841022239,1.70960563949698,1.2925955800847007,0.9491518820432817,1.2535176162126627,1.2683876660435178,1.343507111300717,1.5800143580513655,1.3378022887093266,1.324372659807131,1.248700788198205,1.018871120680877,1.194170922520442,1.144280771596863,1.0802261820478083,0.9902617782825026,0.9430533124302308,0.8756252271999654,0.8260251516470006,0.7482782919460085,0.7236092785575743,0.6945588006527317,0.7092566273281258,0.6671226070645508,0.6772320818092202,0.5466358391420852
0.6880758917567258,0.2629686258063369,14.0,0.78,0.82,0.92,0.7,0.0,2.2800898263066682,1.4008421292975646,1.5526956165235546,1.4781773150695763,1.5202461817426385,1.4427377668220518,1.2085776549784286,1.1588737535961533,1.0815385274842624,1.0514964788451227,0.9197622981748494,0.8834002098025207,0.7802500939027764,0.7358801947938425,0.6690527046527617,0.6307191623676902,0.6175560251684034,0.5376049213647756,0.5229642435940977,0.5296067028329913,0.45074268226162734,0.5327543352712415,0.6422016466806264,0.5789067557646866,0.361074965766262,0.33715972738278854
0.6880758917567258,0.2629686258063369,14.0,0.78,0.82,0.92,0.8,0.0,3.252529087242092,1.770697442237111,1.394365271061911,1.0618757933591512,1.2178360472964376,1.3378560822553982,1.524206425954527,1.4919746331943766,1.3922691195324635,1.285526481567188,1.3059189917005543,1.194404461003063,1.051466872310637,0.9039818191302104,0.842742165621638,0.7772834538517238,0.6784254770327964,0.658949137012324,0.5911832869608871,0.564634310578076,0.5202752890758744,0.563149861295125,0.5125838152690215,0.4667480609218044,0.41431876072136414,0.364526236323686
0.6880758917567258,0.2629686258063369,14.0,0.78,0.82,0.92,0.9,0.0,2.7462287895931317,1.036222940573762,1.4602097391056001,1.9267140297258694,1.8908229505670184,1.9623723416026824,1.7255463620798286,1.5778645733328842,1.5085168728169287,1.4277739761130206,1.32615198299372,1.2176033886633975,1.1068327417509676,0.974682328595635,0.8666578957809343,0.7651634081840019,0.6509172138593323,0.5964440882127001,0.5390462795236857,0.5392811055778999,0.4938353575202792,0.4891006351263172,0.46661706303457184,0.44060210935542626,0.4563964564749373,0.43029175569917494
0.6880758917567258,0.2629686258063369,14.0,0.78,0.82,0.92,1.0,0.0,3.5723812119699576,2.03173197546663,2.0453963074691344,2.0954702696270013,2.1973053123818587,1.6567174060067118,1.5834822773833641,1.4197840430702333,1.4298112777247953,1.2615598529999514,1.078308421525967,0.8922510467030784,0.7371495556445051,0.6413617013645575,0.5743119132596713,0.5072987003389425,0.46476935427196137,0.4657430808441829,0.46691943392121693,0.47265666880700136,0.3920002962027209,0.3825615057019645,0.3834706084957213,0.37710010546983935,0.4275448010512389,0.507874135723927
0.6880758917567258,0.2629686258063369,14.0,0.73,0.89,0.9,0.1,0.0,1.2622347807918195,0.8161657080896113,0.5873381876889097,0.6524331351642714,0.4072349287993161,0.3173044035729992,0.13127547372849477,0.1640832747117346,4.674894479300283e-16,4.674894479300283e-16,4.674894479300283e-16,0.0,0.0,0.0,0.0,0.0,0.0,0.0,0.0,0.0,0.0,0.0,0.0,0.0,0.0,0.0
0.6880758917567258,0.2629686258063369,14.0,0.73,0.89,0.9,0.2,0.0,1.0436478691185458,0.7988904263784584,1.0170538394441861,0.7538942782173911,0.3142838715222831,0.8839736580376563,0.6101488517537533,0.39269875132483945,0.24470792247351625,0.5989349010350015,0.6846690154965972,0.7008362406432748,0.45572504644699524,0.39106560110114785,0.4266817296142731,0.8314126836595868,1.069712501671604,1.072341443306806,0.20457085553652385,0.20568154481796896,0.20665302681834413,0.2076115147548934,0.0,0.0,0.0,0.0
0.6880758917567258,0.2629686258063369,14.0,0.73,0.89,0.9,0.3,0.0,1.038419606620204,1.0398313997888937,0.6170659891327969,1.3579532467774722,1.2055858917865323,0.9114674816151084,0.8634523311288591,0.6720888600762365,0.9172272833404598,0.7770045163301736,0.7358198629008271,0.9801014125873627,0.5741428301200401,0.7053530473997746,0.6292885023978478,0.9471919955250241,0.7706214516382828,0.9873837834504982,0.823596155563766,0.544558731208582,0.682420798515434,0.688274406622243,0.4759690009656841,0.6056462698507458,0.6153034501951914,0.3210330370427828
0.6880758917567258,0.2629686258063369,14.0,0.73,0.89,0.9,0.4,0.0,0.915699456190034,0.7412517676589157,1.3885566901657278,1.499122495623568,1.3103232723027374,0.8552278116883486,0.9690432161544303,0.9968769768180454,0.6191318630656801,1.1383881803632745,1.0396471618940155,1.073062774478655,0.9431560439293969,0.9787815171941517,1.09238829354758,0.9980631569689761,0.9328674535950964,0.9282866061088653,0.8855193867567485,1.0525980248345503,0.8799862426774533,0.7956360450711257,0.8424000431448816,0.8923523325201884,0.7786749730262005,0.7604230903250924
0.6880758917567258,0.2629686258063369,14.0,0.73,0.89,0.9,0.5,0.0,1.9081959219418632,1.1055936646238618,1.2301898028936784,1.7510083765254794,1.5741621026045234,1.260544791027441,0.9822998083062314,1.338732938083691,0.9859001252480429,0.7345453443661105,1.002494426663799,1.3057918717274117,1.1487854299242346,1.060963788223899,0.9790195860517436,0.9492600612493647,0.9467648767409136,0.9416835428756447,0.9261545026949409,0.9864828685369202,0.90988814720936,0.8264233485816906,0.7458001161356803,0.682511555029592,0.656322644455576,0.6309073941597053
0.6880758917567258,0.2629686258063369,14.0,0.73,0.89,0.9,0.6,0.0,2.4516095157420894,1.523314497859158,0.8462417210751613,1.008030798880574,1.153177237871968,0.8477457992357202,0.8944522135815519,1.5408808721133436,1.390148553385061,1.4279939345729182,1.267785031712493,1.260579364734266,1.1245127295435056,1.0795753198378837,1.085634847923576,0.9883405602702425,0.9371101627293003,0.7972046501658776,0.7460165348707125,0.7651878199557515,0.6586493749287191,0.7016457319351791,0.6299615964939609,0.6231561610809806,0.6345378341757703,0.5813631789666317
0.6880758917567258,0.2629686258063369,14.0,0.73,0.89,0.9,0.7,0.0,1.415588706406067,0.8267666969602764,1.9708371114629397,1.8339781211909703,1.5922094424301076,1.6239190941431596,1.3480266340041567,1.2688660430931147,1.2505134647198213,1.2784424193185313,1.1828587860516646,1.0585688033489682,0.9630176743514887,0.861246612740568,0.747129493378164,0.6879264518112704,0.6234965806306944,0.6057840561405347,0.5797745529933644,0.5698185704566536,0.5540377083481975,0.5204819644141274,0.4976839446839991,0.4470656966440472,0.3827073668538446,0.3757002483665807
0.6880758917567258,0.2629686258063369,14.0,0.73,0.89,0.9,0.8,0.0,1.8367384911194988,1.7242713693401879,1.611935656830039,1.5645894774953848,1.1815423469148065,1.5578043606217218,1.6023066503546837,1.5523738638721103,1.3825660277900345,1.439214640049809,1.3784030847093711,1.165067035159135,1.2677368863626748,1.0947713171830895,1.03933140312153,0.9148317945916322,0.8643978375240747,0.793204850380157,0.7388664804808992,0.6487257473342407,0.602757091784712,0.5308695277047603,0.5074493630288196,0.522972318982479,0.4937839067763145,0.49438835646339196
0.6880758917567258,0.2629686258063369,14.0,0.73,0.89,0.9,0.9,0.0,1.7957365569050314,0.9339492713577567,0.2333908476651165,0.5262282273791854,0.7071368077100209,1.2613576181513786,2.115923196231235,2.4000963908767408,1.9578256414763915,1.6364929957218493,1.4617642200595968,1.3716090189780172,1.3180409957819363,1.2281419763044548,1.062531812541407,0.8973403633393048,0.8194515592287338,0.7151927733428096,0.5933999078800445,0.578382406705301,0.493007424080398,0.45469470651087873,0.48255863484508393,0.5179480189203207,0.4847722014224174,0.5230761795459155
0.6880758917567258,0.2629686258063369,14.0,0.73,0.89,0.9,1.0,0.0,2.364063565725172,1.734833446307829,3.647050544532297,1.8046534934382419,1.8910799277104746,1.6112696609911246,1.800480526317639,1.5809651018026332,1.4216196260301088,1.2526650208505625,1.071022266781233,0.8780368186927775,0.7680647821801272,0.630943061743556,0.534083617672356,0.49488989631673563,0.46061446575242365,0.45055104059436074,0.39134035502255693,0.4409720393325428,0.5176578211078667,0.40544792084621073,0.4356639517468524,0.3069877441657027,0.3492320797628152,0.1978877290613763
0.6880758917567258,0.2629686258063369,14.0,0.71,0.87,0.98,0.1,0.0,1.0377666166298984,0.9451638103196812,0.6040606123176703,0.4466576648504852,0.4213740558294875,0.24912933052477182,0.43634614927136967,0.14002140118673934,0.5877859119528519,0.7385646630376249,1.0801996102678177,8.59347668106855e-16,0.06216878031744384,0.06216878031744384,0.18651992558273492,0.24870229053046816,0.0,0.0,0.0,0.0,0.0,0.0,0.0,0.0,0.0,0.0
0.6880758917567258,0.2629686258063369,14.0,0.71,0.87,0.98,0.2,0.0,1.1556657588978279,0.751237358903877,0.9952309078744453,0.6525623528016995,0.8501259892786966,0.6564128525297029,1.0456088804380703,0.5390149244067587,0.40610355166786466,0.1403948133889446,0.13716425196946327,-1.3526874398776674e-15,0.06720652229054415,0.0,0.0,0.0,0.0,0.0,0.0,0.0,0.0,0.0,0.0,0.0,0.0,0.0
0.6880758917567258,0.2629686258063369,14.0,0.71,0.87,0.98,0.3,0.0,0.9894494468204956,1.3485821251546022,1.2163053034752305,0.5280072908373004,1.0412409710901918,0.7176232724564339,0.6612495285450116,0.5604847728826999,0.8584497524345454,0.8455334092510818,0.25563732315140103,0.18619910451116325,0.14785803145615276,0.22155988858039435,0.24638213427659525,0.16322703532993585,0.0,0.0,0.0,0.0,0.0,0.0,0.0,0.0,0.0,0.0
0.6880758917567258,0.2629686258063369,14.0,0.71,0.87,0.98,0.4,0.0,1.8946547925187436,1.3763703908872977,1.1833231664656,0.8616612077894443,0.7652830517057584,0.4520560821525522,0.8363127733216669,0.6205706746573051,0.7913416438419838,0.8385797240667,0.8897887623932729,0.8890649859366797,0.9771427009149776,0.8077898910326318,0.7586865982624448,1.1040065023193033,1.2027394262694358,0.7230159366067257,0.8475033058305104,0.9821589810109692,0.5519995741281856,1.0142188423598084,1.3098052282477866,0.48623571544861577,0.9503650270127154,0.4358659142426794
0.6880758917567258,0.2629686258063369,14.0,0.71,0.87,0.98,0.5,0.0,0.799452658658908,0.7403728902430015,0.8510378232628056,0.7067102333808956,0.046094539962449735,1.9172469613796537,0.8390755638294444,1.1237334872031222,0.0,0.0,0.0,0.0,0.0,0.0,0.0,0.0,0.0,0.0,0.0,0.0,0.0,0.0,0.0,0.0,0.0,0.0
0.6880758917567258,0.2629686258063369,14.0,0.71,0.87,0.98,0.6,0.0,1.0455834595176736,0.8509304660380753,1.4713294010765623,1.339468524791809,1.395618883096396,1.3400013711078038,1.1259848644710984,1.2847486624015163,0.96815423242805,1.0781526096084428,1.2249959306032907,1.0336932616815357,0.9921954095517596,0.9895436494648127,1.0688641604185511,0.8862824102446116,0.8920287298022,0.8812600502625695,0.9023635657317229,0.8051344268099944,0.7838990218630123,0.7857684340784156,0.6432291319315815,0.5555171824232347,0.5028851053509906,0.6535908644685694
0.6880758917567258,0.2629686258063369,14.0,0.71,0.87,0.98,0.7,0.0,2.102756770693593,1.6225876494711764,1.1117116548950272,0.8754041674471201,1.2878872090330358,1.539683162069738,1.4482464207854464,1.3035682680000282,1.2875457756114088,1.1371465893839632,1.117410666052647,0.8780333347956218,0.9175959661155513,0.888325990053645,0.8302164785566026,0.7662863367354869,0.7187503684118386,0.6376235788276947,0.6099721107265258,0.5701505464722819,0.556487781184903,0.5817993306144776,0.5023959678612844,0.512780411411148,0.4546653084193804,0.5889867922719441
0.6880758917567258,0.2629686258063369,14.0,0.71,0.87,0.98,0.8,0.0,3.3506985735842827,1.5609892192726724,1.2763374145837612,1.324386432726214,1.6174528364243714,1.4124308612254324,1.521581565396264,1.412310119559151,1.3180770564872795,1.324742080859526,1.2159896890661337,1.062029133789849,1.0005658398054242,0.8923272984092567,0.7702708170422614,0.737772912353302,0.7074664652074691,0.6173426256567975,0.5485408498951965,0.5328024590924982,0.5450855796618105,0.48926116417426607,0.48553358273463737,0.4514067013730116,0.3635880706469424,0.4541423327776862
0.6880758917567258,0.2629686258063369,14.0,0.71,0.87,0.98,0.9,0.0,2.9859961253509435,1.7308419830138637,1.960912339623861,1.5069783385407358,1.7217094642251565,1.659333332494892,1.7473784222371351,1.3969351724325931,1.2276459753256355,1.3154502955295786,1.2617906043512521,1.1328860381840455,0.9357672752590074,0.8353257429381716,0.7722672236666943,0.6434383671863135,0.6390379887710369,0.5957459137831291,0.5079985570641841,0.4660553726095163,0.47778774423470255,0.4127917940071675,0.4407131310432942,0.5181758648009204,0.5246405268907799,0.46002920394836316
0.6880758917567258,0.2629686258063369,14.0,0.71,0.87,0.98,1.0,0.0,2.5344106586409545,1.8962165681918255,1.1442075691045255,1.6633156976839154,1.355003724606346,1.567919996020757,1.5850506756912002,1.5296742870707265,1.363689433775876,1.2651347596956708,1.05692938111643,0.8998391151898283,0.7616509604291203,0.6631057424953749,0.5821990437595738,0.5113176432837042,0.47237891907814494,0.42989302536986373,0.4103702184678984,0.42012216489033544,0.44493293911583326,0.47693840354547196,0.41627508272360414,0.4056950412096717,0.38177162138504916,0.5829946712075711
0.6880758917567258,0.2629686258063369,14.0,0.7,0.89,0.91,0.1,0.0,1.3282295858811943,1.2296570932098312,0.8127031956994243,0.8854723505038187,1.0367150758261852,0.5894133344386364,0.2851295137031894,0.31016565108205213,0.5598679693144876,0.44613659462429056,0.25099482806538853,0.2854683920245593,0.5804307772335917,0.5159328705884608,0.18715370411577106,0.05370248061107918,0.0,0.0,0.0,0.0,0.0,0.0,0.0,0.0,0.0,0.0
0.6880758917567258,0.2629686258063369,14.0,0.7,0.89,0.91,0.2,0.0,1.093305089888735,0.8669825858007107,0.5573914166962867,0.5569231520893962,1.6478046720873678,1.182638248606039,0.1885774265679246,0.1463490737037353,0.07163593170017502,0.0,0.0,0.0,0.0,0.0,0.0,0.0,0.0,0.0,0.0,0.0,0.0,0.0,0.0,0.0,0.0,0.0
0.6880758917567258,0.2629686258063369,14.0,0.7,0.89,0.91,0.3,0.0,0.7717068217568983,0.6694880430138815,0.6146608473687978,0.640810504305406,1.007078172090643,-1.2982715386956629e-15,0.3660606612535572,0.18302787598273498,0.091499500594253,0.06099911192701873,0.7937469932204341,0.09149477143977192,-1.3537821075917695e-15,-1.3537821075917695e-15,0.18298954287954383,0.18298954287954383,0.0,0.0,0.0,0.0,0.0,0.0,0.0,0.0,0.0,0.0
0.6880758917567258,0.2629686258063369,14.0,0.7,0.89,0.91,0.4,0.0,1.7040097332156137,1.2916002604700172,1.0910501092905842,1.2828708482412652,1.5890829480885738,1.2064167986438474,1.0228734586583819,0.9864385091729572,1.0306090305440192,0.9345008223207107,0.9993973626799015,1.1441577263242189,1.0318378282090304,0.9202347168994707,0.7390505288307626,0.7687483086926815,0.8344057203264704,0.7694181219923599,0.7936676662042411,0.7779433745726427,0.9380750046596423,0.7749129196913654,0.8500512310738839,0.9944312144550631,0.7781848184238894,0.7338615154797861
0.6880758917567258,0.2629686258063369,14.0,0.7,0.89,0.91,0.5,0.0,2.3906221263615985,1.2470522808379156,1.2559331212585427,1.383536917846337,1.0857461943711957,0.7548533682420832,1.1550802602233576,1.0743715699435408,0.7831424449977734,0.8502697737095256,0.78567308026059,1.3402515780111095,1.246643841027336,0.9645901886153092,0.7739090137148915,1.0733167248221702,1.0198880175396607,1.1801412005919931,1.2069312257119011,0.949417850921052,1.1105402591418174,0.8862158976035687,0.9232180697572686,0.8650339722299958,0.864619022409891,0.8119271344863934
0.6880758917567258,0.2629686258063369,14.0,0.7,0.89,0.91,0.6,0.0,1.9155245103954215,1.5733157592860911,1.1572639972824292,1.6196578561060897,1.102819326711948,0.9387625606971187,0.9901038728861743,0.9792799828206481,1.396464267916671,1.306217445399143,1.121259148698718,1.151238089700366,1.2570950640765275,1.232912071942437,1.1129911803467771,1.020321570420421,1.0231549866298666,0.8834861747075808,0.7398129130317437,0.685995131555852,0.7565467169176315,0.6755475218055649,0.5717647989305119,0.6250932044191637,0.5749984957890947,0.5908120148667824
0.6880758917567258,0.2629686258063369,14.0,0.7,0.89,0.91,0.7,0.0,1.490147860293046,1.552886774458562,1.6038147692350835,1.5013800269259432,1.291796541083142,1.4081516071859776,1.3575885987128606,1.1516958321471964,1.4765880798751034,1.3624358302546056,1.2655902066812177,1.3254024169380734,1.1490011522069021,0.9669814531848893,0.9309320060826762,0.8930935719253699,0.7759372944487407,0.6905303736128662,0.7082693455809302,0.5902029318146185,0.5062147730872395,0.49704622056755143,0.45553017486570346,0.5497976943505198,0.4538192976742696,0.40716001781781963
0.6880758917567258,0.2629686258063369,14.0,0.7,0.89,0.91,0.8,0.0,1.6793166240698487,0.7321179358559802,2.634554672513641,1.838991236482086,1.2236913489875099,1.3545492067257996,1.6010231833316924,1.408076651632369,1.2971892112606118,1.2933846740465984,1.2020086617964283,0.9546414823227176,0.8999395967614022,0.7832211906320705,0.6634899475265382,0.6476352829333877,0.6139300384099626,0.5843160049220952,0.4956004304679012,0.42136904141269077,0.4068838013367296,0.37577098577796497,0.41946177958625835,0.38436885425991235,0.38279320317321086,0.37522588524178857
0.6880758917567258,0.2629686258063369,14.0,0.7,0.89,0.91,0.9,0.0,2.7347641521524153,1.8096712333332001,1.4905163316734933,1.6939287904390568,1.6225818879102532,1.5084439736756832,1.384359417708646,1.2990982090825465,1.1929251347865903,1.0457723541239572,0.9347694309387048,0.7888483645720314,0.7030535356421803,0.603370729226316,0.5320301326453315,0.495314008924736,0.5019091086117473,0.48269154796812697,0.41192708488903185,0.38363543836272596,0.3879627453328833,0.4528961519871077,0.43098840210952205,0.40290508965412053,0.390729270872448,0.46152467919781515
0.6880758917567258,0.2629686258063369,14.0,0.7,0.89,0.91,1.0,0.0,1.497017046952381,1.0205188729409742,1.4861600990616526,1.5778312675707848,1.6365732475542807,1.981850232184232,1.4949399061779576,1.7270921891253812,1.496610800254838,1.4772924944251924,1.3499881361284507,1.1258191239396549,0.9597809266220272,0.8355481425304598,0.7105097297455082,0.6330568706644069,0.5514238729743635,0.5098230904404337,0.44369716758476646,0.39921913141985843,0.3762941963634221,0.39496255409896175,0.3669774682101184,0.3937034176334304,0.43299993129466413,0.3736118768532626
0.6880758917567258,0.2629686258063369,14.0,0.68,0.79,0.9,0.1,0.0,1.0688836411057017,0.5304368091332576,0.4252196644572068,0.5097106187068556,0.2300527397409353,0.06571186000352013,-2.9692861726985666e-16,-2.9692861726985666e-16,-2.9692861726985666e-16,1.7455781160766426,3.489236752022124,1.1311792080171401,0.08601131062392163,0.16811166966764435,0.08316557918475954,-3.0911972266193365e-16,-3.0188614731916563e-16,-3.048462114868254e-16,-3.0205795769547657e-16,0.055706224564448174,0.0559485428359234,0.0,0.0,0.0,0.0,0.0
0.6880758917567258,0.2629686258063369,14.0,0.68,0.79,0.9,0.2,0.0,0.6335370324105523,0.4527085015720983,0.4793043093665345,0.5059486148277316,0.5591751967955214,0.0,0.0,0.0,0.0,0.0,0.0,0.0,0.0,0.0,0.0,0.0,0.0,0.0,0.0,0.0,0.0,0.0,0.0,0.0,0.0,0.0
0.6880758917567258,0.2629686258063369,14.0,0.68,0.79,0.9,0.3,0.0,1.1188491600278505,0.9478011803209847,1.0280467630403982,0.7115020812283549,0.5520915638594985,0.0,0.0,0.0,0.0,0.0,0.0,0.0,0.0,0.0,0.0,0.0,0.0,0.0,0.0,0.0,0.0,0.0,0.0,0.0,0.0,0.0
0.6880758917567258,0.2629686258063369,14.0,0.68,0.79,0.9,0.4,0.0,1.1212255515166774,0.6359898385450459,1.0078235336527257,1.2969026901444738,1.3067494244040505,1.3322877171221619,1.665711497149249,1.0010528724489587,0.5784696246902891,0.837435451350238,1.1541025614644553,0.929941291438008,0.5216473031489437,1.1695513645096793,1.1842080405209112,1.3760157864364755,0.7613152460240972,0.8787544708817163,0.9677101401514395,1.2254494885952771,1.0209147060586656,0.9374284077643616,0.8317647848471341,0.9928244355588277,1.0978832181126952,0.8920871333659671
0.6880758917567258,0.2629686258063369,14.0,0.68,0.79,0.9,0.5,0.0,2.423294198550368,1.0185463923213607,1.934506998700489,2.0831359372765794,1.2512660324844882,1.0577610454299242,1.0991579987162192,0.8513353570455978,0.9574043599109072,1.0356765472040215,1.1534626600616065,1.1487866141842349,0.9431835856572135,0.9568452396691516,0.9953182313906946,0.8502273793836977,0.8991947734924521,0.7899826261879056,0.7648709579987558,0.754827004920528,0.6771823910605168,0.7071283102161157,0.7973627006458891,0.7854261230835587,0.645274228931571,0.7731991305702566
0.6880758917567258,0.2629686258063369,14.0,0.68,0.79,0.9,0.6,0.0,3.632227433751447,2.0388708848707453,1.2164959481105735,1.1245192170584148,1.1761771310230915,1.357904054329006,1.2516809049622304,1.1571456644929432,1.1184314804348006,1.0549961551671638,0.9954933668320401,0.8713928076065379,0.9086925981797911,0.8842024954209147,0.8186049652324844,0.7545069875688085,0.79559302636896,0.7293229696014748,0.6668066724767833,0.6729577712687888,0.5437043296078296,0.6548128107856118,0.6352631863436724,0.5942664758352537,0.5446742114981623,0.6025995370459015
0.6880758917567258,0.2629686258063369,14.0,0.68,0.79,0.9,0.7,0.0,2.3421555660491116,2.0609870663800405,1.5437106210829812,1.6695933681955524,1.4311488357693323,1.3223401350063282,1.19999877566546,1.4348378821854952,1.2302218586166007,1.2353639425475407,1.2389062855483661,1.0969916293876274,1.0984175334028816,0.976814978046654,0.8547284825391249,0.7943736163331994,0.7235390313929775,0.679746702761238,0.6633756926849643,0.6616425332651787,0.6429051339789541,0.6967315586337437,0.5967826776689683,0.5444917172527696,0.5762058554727958,0.5649805759865201
0.6880758917567258,0.2629686258063369,14.0,0.68,0.79,0.9,0.8,0.0,2.4596756692269883,2.1407277330227297,1.5998981440660036,1.405994325349445,1.6405491896031594,1.2148308809406325,1.386105969992601,1.4190132574192962,1.415679837164465,1.5244371928210008,1.3367985604318997,1.2478115696837129,1.1020132020411801,1.0023608054200936,0.8696656414009379,0.735721559516422,0.6380378354762619,0.6020211182591699,0.5850833903919631,0.5693510790972935,0.5528394062671179,0.4991326237617761,0.4807550516716916,0.4722799570601603,0.48738718234801515,0.589447649861173
0.6880758917567258,0.2629686258063369,14.0,0.68,0.79,0.9,0.9,0.0,1.7571076838924244,1.4837312226169048,1.7410485598657908,1.8920659450480453,1.7307448575074924,1.902776024804016,1.6528220185151161,1.4782214713118251,1.2888407423273356,1.1580471262754803,0.9483231725552059,0.8210468758767407,0.7297099336922338,0.6480781871399969,0.5892751665624733,0.5516911307187239,0.48575735481593907,0.5214360283350176,0.43891700218784674,0.43831450924224874,0.4372635770367697,0.40131320596372994,0.34347462211911756,0.39279925810457483,0.4549622127951765,0.48054847307188625
0.6880758917567258,0.2629686258063369,14.0,0.68,0.79,0.9,1.0,0.0,2.8769880554822613,1.754114602040552,1.643654882179326,1.212414102186222,1.4655414128137292,1.6854353906104909,1.7808321840181813,1.8466800074423535,1.4779758195508215,1.229628998383118,1.0720805928395007,0.8885079829683376,0.7422818045469829,0.6227862401811002,0.529688531556541,0.4800708164750965,0.43774464174110866,0.43214955328002586,0.40543169820457975,0.44495750494710345,0.4202520967693066,0.3668298583120368,0.3445430499435472,0.44320292051692517,0.40576419583399953,0.3487477902949594
0.6880758917567258,0.2629686258063369,14.0,0.7,0.83,0.88,0.1,0.0,0.9666757541482607,0.9724501138581477,0.7361824628161794,0.9322181412829728,0.38484213777282616,0.815604658518473,0.6401442954383776,0.849030251540777,0.38658167676076544,0.5910043945431072,0.4175325999370123,0.09604460025854071,0.09114901510131358,1.1000410840907489,0.8553334455328968,0.3866629249030134,0.38892406419932474,0.3909653586783161,0.0,0.0,0.0,0.0,0.0,0.0,0.0,0.0
0.6880758917567258,0.2629686258063369,14.0,0.7,0.83,0.88,0.2,0.0,1.1761950074575604,0.7943665461717632,0.7466807905818084,0.7038012794569103,0.6419010906066649,0.8543793611751846,0.6204313175915875,0.4910951852539148,0.21555423710668953,0.8247474995933557,1.011457329440326,0.8254289203701763,0.5690888843753975,0.15408068182779958,0.16201817988534364,0.5853289770681802,0.165479545682948,0.2972024466433557,0.7294124400723376,0.07199497966538819,0.1806637309892242,1.0534968647331104,1.455201206856714,1.2767765660093315,1.2432053889603842,0.8290458353000748
0.6880758917567258,0.2629686258063369,14.0,0.7,0.83,0.88,0.3,0.0,1.4622667601956836,1.4687802223080106,0.5366326361947712,0.623644377533683,0.7635747900573225,1.466275554909686,1.3738441762738507,2.487097844397479e-16,2.107607470670192,1.3281496180693215,0.45702230676323985,0.14617884647734447,0.3351053735705983,0.27408590442445413,1.208607352373189,0.49598610699623896,0.5253461521817029,0.7764538073691647,0.7577357603319987,0.8387578251683121,0.6982190352798265,0.4134168538587151,0.5781558350330485,0.20058678967414648,0.11028300000095743,0.12434529817391368
0.6880758917567258,0.2629686258063369,14.0,0.7,0.83,0.88,0.4,0.0,1.9822248926400314,1.3496712623579696,0.9101698102639901,0.7212302486958607,0.7888217336322444,1.0527843868586624,1.00258216008754,0.6702251234886482,0.9875951282107661,0.5351546243999346,0.7653018464396665,0.9979117296032378,0.6629869040697954,1.4344509557518852,0.9093204049351286,0.9842468923619685,1.727665708530298,1.1987723516606705,0.7957001817067786,0.8465488895575138,1.1118360557358737,1.0903681841732877,0.5004222114327984,0.4191783230140542,0.9737896972088831,0.5393327915810487
0.6880758917567258,0.2629686258063369,14.0,0.7,0.83,0.88,0.5,0.0,1.6998461132597924,1.4741061163027673,1.0816900953782604,1.7838781214294814,1.3176112293656337,1.0402334091251864,1.1862868477717246,1.24629469331458,1.1053125738556933,1.065217892619,1.1783047800530104,1.0782576512132946,1.1187746540840766,0.9186577642300389,0.8743073268306276,0.9562846238169861,0.8509650232591262,0.8060290593443994,0.8372958011212981,0.7530491239996606,0.7833429626802512,0.7011736990704437,0.8287351707416797,0.7648488612457287,0.678021110948112,0.7267773115902704
0.6880758917567258,0.2629686258063369,14.0,0.7,0.83,0.88,0.6,0.0,1.550819798181949,1.0449334618969344,1.229843772018374,1.2174602737104592,1.3763648175057983,1.2908875642777204,1.356857734849497,1.0875320154407133,1.2890842472022426,1.1311808048878917,0.9153674885686386,1.2656460677099608,1.12453641833296,1.085185129646235,1.0438286082968629,1.0291082435538745,0.9421348082926388,0.8186246935816717,0.8375923463873035,0.7764681490248789,0.7439012721522077,0.6653017840400809,0.6618252315138422,0.5890398921932231,0.6299233752566467,0.5565941128338024
0.6880758917567258,0.2629686258063369,14.0,0.7,0.83,0.88,0.7,0.0,1.339316908615013,1.8479714954278774,1.3774388544582967,1.0658091330070285,1.458119777979642,1.250250234958274,1.3668719543595949,1.5166388470566903,1.3478384851464034,1.2852219680710948,1.222801097705134,1.0274338308842705,1.0135830635571244,0.9531269396402754,0.839321927663997,0.7372604393505776,0.6618458370287363,0.6266005815434639,0.5611205856509,0.543042089807977,0.5069100734548898,0.5649052957071075,0.4812833523588024,0.4817967018893085,0.4202005546923306,0.4176077414946379
0.6880758917567258,0.2629686258063369,14.0,0.7,0.83,0.88,0.8,0.0,2.2524596360303124,1.925588453578503,1.9256718924130327,1.7931174011930235,1.2760913880003575,1.5055780395038751,1.2826813114798654,1.356206340103861,1.7424681010945426,1.3538904861071788,1.5068589768758522,1.4466895593151436,1.2494799853065777,1.1888126396442473,1.0492465204871626,0.9224448494523952,0.8276485363428024,0.7552152406580538,0.6732330955975755,0.6692855182497622,0.6086187317223332,0.5803263862098625,0.5328258635305793,0.535547911536578,0.48251854482647316,0.4509941504124874
0.6880758917567258,0.2629686258063369,14.0,0.7,0.83,0.88,0.9,0.0,3.032176800310012,1.954234713068777,1.5177289624057066,1.5571802347486838,1.3910212237302602,1.267421605655655,1.5858784787726565,1.4278576120768756,1.2182556077366482,1.1111486906353412,0.9758475999997974,0.8760075123888611,0.8078622694686576,0.6758833967958938,0.5784304286373944,0.5396177104116001,0.5134152237243343,0.48088071109673497,0.42993476520928464,0.44573653812957126,0.45799633504921883,0.4354344145527257,0.518396349218017,0.5385485705843567,0.42584822160094576,0.421461591635027
0.6880758917567258,0.2629686258063369,14.0,0.7,0.83,0.88,1.0,0.0,1.8909224029511589,1.5616918032966232,1.7312783113682486,1.522052304055327,1.9861207141749726,1.6556286522276091,1.6840529480157036,1.5627492940585546,1.4029063660934569,1.255890991272904,1.0906167407456018,0.9076533380848366,0.7927370378840176,0.6513744306687217,0.576381633487004,0.47554132645691416,0.43950930823953815,0.42522772239007567,0.4329652448783207,0.42814701785523257,0.3729789299920415,0.35838147665170766,0.3257801074392025,0.41656602623543226,0.41209372636729263,0.5868412920062872
0.6880758917567258,0.2629686258063369,14.0,0.88,0.91,0.92,0.1,0.0,0.741531946357724,0.5888976200714703,0.4296358265806421,0.3182079692518684,0.3182079692518684,0.0,0.0,0.0,0.0,0.0,0.0,0.0,0.0,0.0,0.0,0.0,0.0,0.0,0.0,0.0,0.0,0.0,0.0,0.0,0.0,0.0
0.6880758917567258,0.2629686258063369,14.0,0.88,0.91,0.92,0.2,0.0,0.6445355595332166,0.4280912576488633,0.5738984223059699,1.1098371776490956,1.125757248810743,1.2519365000377438,1.06014780175497,0.5671501581045116,0.04949194955979921,0.040697068220207994,1.1240930437121632,0.7787968047994214,1.4290717486028899,1.5358751203157894,0.9845229689595488,0.7562745700189868,0.6517745252553543,1.0445624237266884,1.4862209663454673,1.7919344474343875,0.8817629400729132,0.7195994267098408,0.2702472896495942,0.13587384556141155,-6.044929170075011e-16,2.0206353361077882
0.6880758917567258,0.2629686258063369,14.0,0.88,0.91,0.92,0.3,0.0,1.1801237932757682,0.6948125813490263,0.3462929952248208,0.7520077468376054,1.0059903317202692,0.5560567763882656,0.7635611103224796,1.1482596351918963,1.0264856575457775,0.9593651698506006,0.7379916827092604,0.6680899457056979,0.9659563247982936,0.9549550207118971,0.7587683430672644,1.020785490509135,1.7418817333053618,0.8323213273751102,0.6422286013516412,0.12860494403405703,0.05372088639344098,0.323520689973491,0.08103338056283807,0.08122171143289468,0.0,0.0
0.6880758917567258,0.2629686258063369,14.0,0.88,0.91,0.92,0.4,0.0,1.2526821819198954,1.264396594026306,1.2299725603673453,0.5883772168510282,0.7748658862655742,0.5094538540273434,0.8154170283631682,0.7525036121395655,1.0476540886350394,1.1189709090745135,2.0291477419185706,2.072394094855171,0.8263169114996619,0.659222704473679,0.8694917497136052,1.06914222886465,0.9115876687221746,0.914237684625078,0.9520870857481553,1.045143755827302,1.3659165546480072,0.8940416967097711,0.9090429454188526,0.9434585139315071,0.9789682794747696,0.9894443656310983
0.6880758917567258,0.2629686258063369,14.0,0.88,0.91,0.92,0.5,0.0,1.7147187778345434,1.4236570176371597,1.2863500983259255,1.256155101349894,1.075865653086967,1.3699575060275877,1.2192694249958278,1.1198653491544146,1.118956681125109,0.9433509454970662,1.0910149389467678,1.1683406475141396,0.9454176298270814,0.8372035597161052,1.0419681198164044,1.0841785313359575,0.9304873647147048,0.7828212588591485,0.8325744619118973,0.8303224457974042,0.7911883395896829,0.7827433906430912,0.7991812871882932,0.7703713222491392,0.7827182566946349,0.6534982914266222
0.6880758917567258,0.2629686258063369,14.0,0.88,0.91,0.92,0.6,0.0,3.3734563504366952,1.2712230725993747,1.1799997063637377,1.2383637672341299,1.2341291913754582,1.393129253169293,1.330730870131527,1.157503680164633,1.1032536657185283,1.0112190814112492,1.0470191231516366,1.1673830227426472,1.0405100886956304,0.9406349212542925,1.0227802821048282,0.8769647152385385,0.8961425998207784,0.8631401019647646,0.722712834075719,0.7238273759127617,0.8128274571419934,0.714767621340475,0.6892015708998819,0.5682966276393975,0.6214079645542563,0.6927502035653534
0.6880758917567258,0.2629686258063369,14.0,0.88,0.91,0.92,0.7,0.0,1.5058248114524224,1.7319367126324512,2.4366034343976706,0.6725909304849772,1.244984689372666,1.5687546005749893,1.7413907016798438,1.453544966849953,1.301876254601156,1.3810580906388739,1.3417949557565083,1.353681083761043,1.187114061694424,1.1288237181565723,1.1366496415991894,1.0302363405306683,0.9871930903692454,0.8852091806664419,0.710974825878139,0.7461185718407579,0.6851179256920357,0.6988966152679337,0.5913480649863482,0.5170268486592581,0.5092329925114948,0.5098414591284727
0.6880758917567258,0.2629686258063369,14.0,0.88,0.91,0.92,0.8,0.0,1.9530653061033243,1.3962875166033701,1.5524966597815544,1.7584376960320327,1.7635112838556966,1.2674541225079814,1.444122249850655,1.3093258136338422,1.2631774433051264,1.2317974704000298,1.3164401908902965,1.5924594968426924,1.3081718323437594,1.2997141246675796,1.0927461910553113,1.0355607723074058,0.8813160325772262,0.7787190596217259,0.7336067318974144,0.6181006080342497,0.5915349311075041,0.5627109002320652,0.5154015348242083,0.4767676927304514,0.4547633687575738,0.5159900763002925
0.6880758917567258,0.2629686258063369,14.0,0.88,0.91,0.92,0.9,0.0,2.80344543869911,1.2810915184715197,1.538459801131101,1.8250655690023656,1.4011855812369303,1.353398759480372,1.4821073442869486,1.5048218774540119,1.4006196895282514,1.2967815444447204,1.0524751413795488,0.9566167358222607,0.8440451606399015,0.7316481184486362,0.605532418446388,0.5779935296360577,0.505588536889071,0.463810613243246,0.435449566497408,0.43359555097386754,0.4238503086266315,0.39317001488967285,0.40815642760767734,0.38001123723598,0.459623937079125,0.45691748315737646
0.6880758917567258,0.2629686258063369,14.0,0.88,0.91,0.92,1.0,0.0,1.3916756013047522,1.9345313862074185,1.638473371771197,1.7087645634673128,1.5907129083260383,1.6595848698819997,1.6606414972962293,1.3886710228558834,1.2656216513010519,1.0989016655845834,0.9379247045415452,0.7830607454305847,0.65855241931424,0.5867531448636856,0.5078872309456173,0.4773477062005387,0.4419958233950053,0.3922526291886461,0.4373470222777798,0.49522582092880774,0.47732100529403604,0.37568233938163736,0.38168460311932134,0.3297209671533002,0.27253881567349447,0.29313699477112737
0.6880758917567258,0.2629686258063369,14.0,0.67,0.8,0.92,0.1,0.0,0.6535508892494013,0.6570071798143865,0.3162664854687355,0.24824332741698377,0.4225567367268307,0.11020113378438672,0.22040226756877343,0.7943871960909287,0.23140482689620218,0.0,0.0,0.0,0.0,0.0,0.0,0.0,0.0,0.0,0.0,0.0,0.0,0.0,0.0,0.0,0.0,0.0
0.6880758917567258,0.2629686258063369,14.0,0.67,0.8,0.92,0.2,0.0,1.3022608736874908,0.8853264342293793,0.8918415200951503,0.5308401183770698,0.4328031023430093,0.21156565145931178,0.2533249805529513,0.29229246505262846,0.3117897034289777,0.0,0.0,0.0,0.0,0.0,0.0,0.0,0.0,0.0,0.0,0.0,0.0,0.0,0.0,0.0,0.0,0.0
0.6880758917567258,0.2629686258063369,14.0,0.67,0.8,0.92,0.3,0.0,1.003780115576653,0.9904674085028278,1.0722298639231727,0.924587252217169,0.5128799069099043,0.4373135594831067,1.1919323180199297,1.6504555333801518,1.5284241386636828,1.1004844717625966,2.3699674751552062,0.3100477387109878,0.17640045428426912,1.1473139171201447,1.0169784202760948,1.0482643303829642,0.9597211964800917,1.2963673531110413,1.2113430484204515,0.4223055918566496,0.3016583564378034,0.8073903574305001,1.0006909888031412,1.0339202321921892,0.941495432566966,0.9228138791303304
0.6880758917567258,0.2629686258063369,14.0,0.67,0.8,0.92,0.4,0.0,1.1692714598273444,1.1541350395053174,1.3871364976650238,1.1705698562300666,0.8326395829234209,1.0107744054135834,0.7713334885143964,0.5954669443092809,0.7764906678574534,0.9194746320694921,0.7762109199218006,1.3743291216866829,1.2509260357856167,0.7572864573014992,0.9012250758899479,0.6545753055996258,0.12439455800618228,0.874622508552621,1.3013210239619772,1.2591386234030888,1.2672044319482172,0.7944703333000478,0.9993826039737208,1.067592650243418,0.9152234822451656,0.979039965469646
0.6880758917567258,0.2629686258063369,14.0,0.67,0.8,0.92,0.5,0.0,2.7931943126943146,1.2779758996655988,0.6729343385964229,0.5722354236256212,0.8233810746883137,1.743682952367109,0.9265840948298796,1.354886318541815,0.0,0.0,0.0,0.0,0.0,0.0,0.0,0.0,0.0,0.0,0.0,0.0,0.0,0.0,0.0,0.0,0.0,0.0
0.6880758917567258,0.2629686258063369,14.0,0.67,0.8,0.92,0.6,0.0,1.6816529744830813,1.113951933235712,0.6604377021107433,1.1198353956685778,1.4225269869735608,1.1100402742966473,1.4357143710395721,1.2463399976434255,1.0678588926386727,0.9364406407495759,0.8431978258781605,1.0696241014628105,1.2325391159840335,1.070403611303434,1.1167035511822268,1.059364600030237,1.0447542463869282,1.09401289007415,1.0314193715209328,0.9455039002475901,0.9196373728942345,0.9522204197324816,0.8889830921942924,0.7989865470643533,0.7576368814510297,0.7654969610282109
0.6880758917567258,0.2629686258063369,14.0,0.67,0.8,0.92,0.7,0.0,2.496510459395227,1.7517105677490898,1.7219114096920458,1.5041929643410004,1.4488801319073104,1.4979498076258158,1.3745819888457744,1.285740501208889,1.198529869082394,1.1618394386815691,1.0469183986454749,0.9711325457024129,0.8953499071808245,0.8532033403046416,0.7859376363277482,0.7385243156127448,0.6641622955626316,0.6225608929439304,0.4936637986536452,0.5951567499000121,0.5809527855935791,0.5252273986460924,0.54073225344406,0.47374772731356674,0.44598544610808094,0.6264050551611229
0.6880758917567258,0.2629686258063369,14.0,0.67,0.8,0.92,0.8,0.0,1.4278395074762578,1.1612949549946197,1.5260690518938382,2.046232371075205,1.7952041805094723,1.6675884961432612,1.8009629623826566,1.6934727319616345,1.5547645909466163,1.361147654477843,1.4378851111611484,1.3542757957535712,1.2474823819579957,1.1848825647979506,1.0182366868608097,0.9059990376974394,0.8045061344928874,0.7167918820292594,0.6420887755501509,0.600225421038572,0.5684565888962793,0.47742065140042134,0.47115494843858285,0.48707897021635727,0.5230690019315577,0.5290384339247489
0.6880758917567258,0.2629686258063369,14.0,0.67,0.8,0.92,0.9,0.0,1.851343025409507,1.73828094477796,1.7945326301906777,1.7794555598421484,1.8087012967861222,1.5887312963005762,1.454651000841438,1.341510651856371,1.16710595524653,1.0864768151047914,0.9192327007577705,0.7554062046760377,0.6623803107535715,0.5738478588068444,0.5339864473545198,0.5045049646579206,0.4529589934707157,0.46900961962992355,0.4314008492154893,0.407896560113769,0.41986462756634185,0.4296631070051795,0.42622589601477906,0.48896726882923863,0.5010832864575362,0.45470508839606727
0.6880758917567258,0.2629686258063369,14.0,0.67,0.8,0.92,1.0,0.0,2.258365920676146,2.2866609951039005,1.5586422834211136,1.828874697578689,1.8642576301835125,1.659267513007729,1.6360921292739314,1.3997046709813261,1.3184882823178752,1.111574676217955,0.8992134971807129,0.75073971706616,0.6148804897007386,0.558073221400539,0.509828606748177,0.47577398410990934,0.4378368289285674,0.37248568195507226,0.361515816185294,0.35234851426226904,0.36874796385602493,0.37073098067821475,0.37381555469761923,0.34274948362604757,0.4871058628174592,0.47601927503738833
