inf_prob,diag_prob,i0,vaccine_efficacy1,vaccine_efficacy2,infection_efficacy,replacement_percentage,0,1,2,3,4,5,6,7,8,9,10,11,12,13,14,15,16,17,18,19,20,21,22,23,24,25
0.6885937976470038,0.2602087680436075,13.0,0.65,0.75,0.89,0.01,13.0,3.0,1.0,0.0,0.0,0.0,0.0,0.0,0.0,0.0,0.0,0.0,0.0,0.0,0.0,0.0,0.0,0.0,0.0,0.0,0.0,0.0,0.0,0.0,0.0,0.0
0.6885937976470038,0.2602087680436075,13.0,0.65,0.75,0.89,0.02,13.0,5.0,5.0,4.0,4.0,0.0,0.0,0.0,0.0,0.0,0.0,0.0,0.0,0.0,0.0,0.0,0.0,0.0,0.0,0.0,0.0,0.0,0.0,0.0,0.0,0.0
0.6885937976470038,0.2602087680436075,13.0,0.65,0.75,0.89,0.03,13.0,5.0,2.0,6.0,2.0,3.0,2.0,0.0,0.0,0.0,0.0,0.0,0.0,0.0,0.0,0.0,0.0,0.0,0.0,0.0,0.0,0.0,0.0,0.0,0.0,0.0
0.6885937976470038,0.2602087680436075,13.0,0.65,0.75,0.89,0.04,13.0,2.0,1.0,0.0,0.0,0.0,0.0,0.0,0.0,0.0,0.0,0.0,0.0,0.0,0.0,0.0,0.0,0.0,0.0,0.0,0.0,0.0,0.0,0.0,0.0,0.0
0.6885937976470038,0.2602087680436075,13.0,0.65,0.75,0.89,0.05,13.0,3.0,0.0,2.0,1.0,1.0,1.0,0.0,0.0,0.0,0.0,0.0,0.0,0.0,0.0,0.0,0.0,0.0,0.0,0.0,0.0,0.0,0.0,0.0,0.0,0.0
0.6885937976470038,0.2602087680436075,13.0,0.65,0.75,0.89,0.06,13.0,5.0,6.0,2.0,3.0,1.0,1.0,2.0,3.0,4.0,0.0,0.0,1.0,0.0,0.0,0.0,0.0,0.0,0.0,0.0,0.0,0.0,0.0,0.0,0.0,0.0
0.6885937976470038,0.2602087680436075,13.0,0.65,0.75,0.89,0.07,13.0,6.0,8.0,4.0,4.0,0.0,2.0,3.0,2.0,1.0,1.0,0.0,0.0,0.0,0.0,0.0,0.0,0.0,0.0,0.0,0.0,0.0,0.0,0.0,0.0,0.0
0.6885937976470038,0.2602087680436075,13.0,0.65,0.75,0.89,0.08,13.0,8.0,4.0,0.0,1.0,3.0,0.0,0.0,0.0,0.0,0.0,0.0,0.0,0.0,0.0,0.0,0.0,0.0,0.0,0.0,0.0,0.0,0.0,0.0,0.0,0.0
0.6885937976470038,0.2602087680436075,13.0,0.65,0.75,0.89,0.09,13.0,1.0,0.0,0.0,0.0,0.0,0.0,0.0,0.0,0.0,0.0,0.0,0.0,0.0,0.0,0.0,0.0,0.0,0.0,0.0,0.0,0.0,0.0,0.0,0.0,0.0
0.6885937976470038,0.2602087680436075,13.0,0.65,0.75,0.89,0.1,13.0,5.0,4.0,3.0,4.0,6.0,5.0,2.0,1.0,1.0,3.0,5.0,3.0,7.0,3.0,1.0,4.0,1.0,0.0,2.0,0.0,0.0,0.0,0.0,0.0,0.0
0.6885937976470038,0.2602087680436075,13.0,0.65,0.77,0.98,0.01,13.0,2.0,1.0,0.0,0.0,0.0,0.0,0.0,0.0,0.0,0.0,0.0,0.0,0.0,0.0,0.0,0.0,0.0,0.0,0.0,0.0,0.0,0.0,0.0,0.0,0.0
0.6885937976470038,0.2602087680436075,13.0,0.65,0.77,0.98,0.02,13.0,2.0,4.0,2.0,5.0,2.0,0.0,0.0,1.0,2.0,1.0,0.0,0.0,0.0,0.0,0.0,0.0,0.0,0.0,0.0,0.0,0.0,0.0,0.0,0.0,0.0
0.6885937976470038,0.2602087680436075,13.0,0.65,0.77,0.98,0.03,13.0,2.0,1.0,0.0,0.0,0.0,0.0,0.0,0.0,0.0,0.0,0.0,0.0,0.0,0.0,0.0,0.0,0.0,0.0,0.0,0.0,0.0,0.0,0.0,0.0,0.0
0.6885937976470038,0.2602087680436075,13.0,0.65,0.77,0.98,0.04,13.0,5.0,0.0,0.0,0.0,0.0,0.0,0.0,0.0,0.0,0.0,0.0,0.0,0.0,0.0,0.0,0.0,0.0,0.0,0.0,0.0,0.0,0.0,0.0,0.0,0.0
0.6885937976470038,0.2602087680436075,13.0,0.65,0.77,0.98,0.05,13.0,5.0,5.0,0.0,0.0,1.0,3.0,1.0,1.0,0.0,0.0,0.0,0.0,0.0,0.0,0.0,0.0,0.0,0.0,0.0,0.0,0.0,0.0,0.0,0.0,0.0
0.6885937976470038,0.2602087680436075,13.0,0.65,0.77,0.98,0.06,13.0,6.0,1.0,3.0,1.0,0.0,0.0,0.0,0.0,0.0,0.0,0.0,0.0,0.0,0.0,0.0,0.0,0.0,0.0,0.0,0.0,0.0,0.0,0.0,0.0,0.0
0.6885937976470038,0.2602087680436075,13.0,0.65,0.77,0.98,0.07,13.0,2.0,1.0,3.0,5.0,0.0,1.0,4.0,2.0,0.0,0.0,0.0,0.0,0.0,0.0,0.0,0.0,0.0,0.0,0.0,0.0,0.0,0.0,0.0,0.0,0.0
0.6885937976470038,0.2602087680436075,13.0,0.65,0.77,0.98,0.08,13.0,5.0,2.0,0.0,0.0,0.0,0.0,0.0,0.0,0.0,0.0,0.0,0.0,0.0,0.0,0.0,0.0,0.0,0.0,0.0,0.0,0.0,0.0,0.0,0.0,0.0
0.6885937976470038,0.2602087680436075,13.0,0.65,0.77,0.98,0.09,13.0,2.0,2.0,0.0,0.0,0.0,0.0,0.0,0.0,0.0,0.0,0.0,0.0,0.0,0.0,0.0,0.0,0.0,0.0,0.0,0.0,0.0,0.0,0.0,0.0,0.0
0.6885937976470038,0.2602087680436075,13.0,0.65,0.77,0.98,0.1,13.0,4.0,2.0,2.0,3.0,0.0,1.0,1.0,0.0,1.0,0.0,0.0,0.0,0.0,0.0,0.0,0.0,0.0,0.0,0.0,0.0,0.0,0.0,0.0,0.0,0.0
0.6885937976470038,0.2602087680436075,13.0,0.75,0.75,0.94,0.01,13.0,0.0,2.0,0.0,0.0,0.0,0.0,0.0,0.0,0.0,0.0,0.0,0.0,0.0,0.0,0.0,0.0,0.0,0.0,0.0,0.0,0.0,0.0,0.0,0.0,0.0
0.6885937976470038,0.2602087680436075,13.0,0.75,0.75,0.94,0.02,13.0,4.0,5.0,3.0,0.0,1.0,1.0,2.0,3.0,0.0,0.0,0.0,0.0,0.0,0.0,0.0,0.0,0.0,0.0,0.0,0.0,0.0,0.0,0.0,0.0,0.0
0.6885937976470038,0.2602087680436075,13.0,0.75,0.75,0.94,0.03,13.0,3.0,2.0,1.0,0.0,0.0,0.0,0.0,0.0,0.0,0.0,0.0,0.0,0.0,0.0,0.0,0.0,0.0,0.0,0.0,0.0,0.0,0.0,0.0,0.0,0.0
0.6885937976470038,0.2602087680436075,13.0,0.75,0.75,0.94,0.04,13.0,4.0,3.0,3.0,4.0,0.0,0.0,3.0,0.0,0.0,0.0,0.0,0.0,0.0,0.0,0.0,0.0,0.0,0.0,0.0,0.0,0.0,0.0,0.0,0.0,0.0
0.6885937976470038,0.2602087680436075,13.0,0.75,0.75,0.94,0.05,13.0,5.0,4.0,2.0,0.0,2.0,0.0,0.0,0.0,0.0,0.0,0.0,0.0,0.0,0.0,0.0,0.0,0.0,0.0,0.0,0.0,0.0,0.0,0.0,0.0,0.0
0.6885937976470038,0.2602087680436075,13.0,0.75,0.75,0.94,0.06,13.0,1.0,0.0,0.0,0.0,0.0,0.0,0.0,0.0,0.0,0.0,0.0,0.0,0.0,0.0,0.0,0.0,0.0,0.0,0.0,0.0,0.0,0.0,0.0,0.0,0.0
0.6885937976470038,0.2602087680436075,13.0,0.75,0.75,0.94,0.07,13.0,2.0,4.0,1.0,2.0,6.0,4.0,3.0,2.0,0.0,1.0,0.0,0.0,0.0,0.0,0.0,0.0,0.0,0.0,0.0,0.0,0.0,0.0,0.0,0.0,0.0
0.6885937976470038,0.2602087680436075,13.0,0.75,0.75,0.94,0.08,13.0,7.0,3.0,4.0,1.0,3.0,0.0,0.0,0.0,0.0,0.0,0.0,1.0,0.0,0.0,1.0,0.0,0.0,0.0,0.0,0.0,0.0,0.0,0.0,0.0,0.0
0.6885937976470038,0.2602087680436075,13.0,0.75,0.75,0.94,0.09,13.0,2.0,1.0,1.0,2.0,0.0,1.0,0.0,0.0,0.0,0.0,0.0,0.0,0.0,0.0,0.0,0.0,0.0,0.0,0.0,0.0,0.0,0.0,0.0,0.0,0.0
0.6885937976470038,0.2602087680436075,13.0,0.75,0.75,0.94,0.1,13.0,3.0,5.0,2.0,5.0,5.0,1.0,0.0,0.0,0.0,0.0,0.0,0.0,0.0,0.0,0.0,0.0,0.0,0.0,0.0,0.0,0.0,0.0,0.0,0.0,0.0
0.6885937976470038,0.2602087680436075,13.0,0.71,0.84,0.92,0.01,13.0,3.0,4.0,3.0,0.0,0.0,1.0,0.0,0.0,0.0,0.0,0.0,0.0,0.0,0.0,0.0,0.0,0.0,0.0,0.0,0.0,0.0,0.0,0.0,0.0,0.0
0.6885937976470038,0.2602087680436075,13.0,0.71,0.84,0.92,0.02,13.0,4.0,1.0,1.0,2.0,1.0,0.0,0.0,0.0,0.0,0.0,0.0,0.0,0.0,0.0,0.0,0.0,0.0,0.0,0.0,0.0,0.0,0.0,0.0,0.0,0.0
0.6885937976470038,0.2602087680436075,13.0,0.71,0.84,0.92,0.03,13.0,3.0,0.0,2.0,0.0,0.0,0.0,0.0,0.0,0.0,0.0,0.0,0.0,0.0,0.0,0.0,0.0,0.0,0.0,0.0,0.0,0.0,0.0,0.0,0.0,0.0
0.6885937976470038,0.2602087680436075,13.0,0.71,0.84,0.92,0.04,13.0,0.0,1.0,1.0,0.0,0.0,0.0,0.0,0.0,0.0,0.0,0.0,0.0,0.0,0.0,0.0,0.0,0.0,0.0,0.0,0.0,0.0,0.0,0.0,0.0,0.0
0.6885937976470038,0.2602087680436075,13.0,0.71,0.84,0.92,0.05,13.0,4.0,3.0,5.0,6.0,1.0,1.0,0.0,0.0,0.0,0.0,0.0,0.0,0.0,0.0,0.0,0.0,0.0,0.0,0.0,0.0,0.0,0.0,0.0,0.0,0.0
0.6885937976470038,0.2602087680436075,13.0,0.71,0.84,0.92,0.06,13.0,8.0,7.0,4.0,4.0,5.0,2.0,3.0,6.0,3.0,3.0,1.0,1.0,0.0,0.0,0.0,0.0,0.0,0.0,0.0,0.0,0.0,0.0,0.0,0.0,0.0
0.6885937976470038,0.2602087680436075,13.0,0.71,0.84,0.92,0.07,13.0,4.0,3.0,1.0,2.0,0.0,0.0,0.0,0.0,0.0,0.0,0.0,0.0,0.0,0.0,0.0,0.0,0.0,0.0,0.0,0.0,0.0,0.0,0.0,0.0,0.0
0.6885937976470038,0.2602087680436075,13.0,0.71,0.84,0.92,0.08,13.0,2.0,4.0,3.0,0.0,0.0,0.0,0.0,0.0,0.0,0.0,0.0,0.0,0.0,0.0,0.0,0.0,0.0,0.0,0.0,0.0,0.0,0.0,0.0,0.0,0.0
0.6885937976470038,0.2602087680436075,13.0,0.71,0.84,0.92,0.09,13.0,3.0,1.0,0.0,0.0,0.0,0.0,0.0,0.0,0.0,0.0,0.0,0.0,0.0,0.0,0.0,0.0,0.0,0.0,0.0,0.0,0.0,0.0,0.0,0.0,0.0
0.6885937976470038,0.2602087680436075,13.0,0.71,0.84,0.92,0.1,13.0,1.0,1.0,5.0,0.0,1.0,0.0,1.0,0.0,0.0,0.0,0.0,0.0,0.0,0.0,0.0,0.0,0.0,0.0,0.0,0.0,0.0,0.0,0.0,0.0,0.0
0.6885937976470038,0.2602087680436075,13.0,0.66,0.79,0.81,0.01,13.0,1.0,7.0,0.0,0.0,1.0,2.0,0.0,0.0,0.0,0.0,0.0,0.0,0.0,0.0,0.0,0.0,0.0,0.0,0.0,0.0,0.0,0.0,0.0,0.0,0.0
0.6885937976470038,0.2602087680436075,13.0,0.66,0.79,0.81,0.02,13.0,11.0,15.0,15.0,2.0,4.0,3.0,5.0,1.0,1.0,0.0,1.0,0.0,0.0,0.0,0.0,0.0,0.0,0.0,0.0,0.0,0.0,0.0,0.0,0.0,0.0
0.6885937976470038,0.2602087680436075,13.0,0.66,0.79,0.81,0.03,13.0,2.0,6.0,4.0,1.0,2.0,2.0,6.0,3.0,0.0,1.0,1.0,0.0,1.0,2.0,2.0,1.0,0.0,0.0,0.0,0.0,0.0,0.0,0.0,0.0,0.0
0.6885937976470038,0.2602087680436075,13.0,0.66,0.79,0.81,0.04,13.0,7.0,2.0,0.0,2.0,1.0,0.0,3.0,1.0,1.0,0.0,0.0,3.0,0.0,0.0,0.0,0.0,0.0,0.0,0.0,0.0,0.0,0.0,0.0,0.0,0.0
0.6885937976470038,0.2602087680436075,13.0,0.66,0.79,0.81,0.05,13.0,1.0,2.0,0.0,1.0,1.0,1.0,1.0,0.0,0.0,0.0,0.0,0.0,0.0,0.0,0.0,0.0,0.0,0.0,0.0,0.0,0.0,0.0,0.0,0.0,0.0
0.6885937976470038,0.2602087680436075,13.0,0.66,0.79,0.81,0.06,13.0,2.0,1.0,0.0,0.0,0.0,0.0,0.0,0.0,0.0,0.0,0.0,0.0,0.0,0.0,0.0,0.0,0.0,0.0,0.0,0.0,0.0,0.0,0.0,0.0,0.0
0.6885937976470038,0.2602087680436075,13.0,0.66,0.79,0.81,0.07,13.0,6.0,4.0,1.0,0.0,0.0,0.0,0.0,0.0,0.0,0.0,0.0,0.0,0.0,0.0,0.0,0.0,0.0,0.0,0.0,0.0,0.0,0.0,0.0,0.0,0.0
0.6885937976470038,0.2602087680436075,13.0,0.66,0.79,0.81,0.08,13.0,4.0,7.0,5.0,12.0,12.0,6.0,6.0,5.0,2.0,0.0,0.0,0.0,0.0,0.0,0.0,0.0,0.0,0.0,0.0,0.0,0.0,0.0,0.0,0.0,0.0
0.6885937976470038,0.2602087680436075,13.0,0.66,0.79,0.81,0.09,13.0,9.0,6.0,4.0,2.0,7.0,2.0,1.0,3.0,3.0,1.0,0.0,0.0,1.0,0.0,0.0,0.0,0.0,0.0,0.0,0.0,0.0,0.0,0.0,0.0,0.0
0.6885937976470038,0.2602087680436075,13.0,0.66,0.79,0.81,0.1,13.0,10.0,10.0,8.0,2.0,4.0,3.0,2.0,1.0,4.0,7.0,3.0,8.0,2.0,3.0,5.0,2.0,3.0,3.0,1.0,0.0,0.0,0.0,0.0,0.0,0.0
0.6885937976470038,0.2602087680436075,13.0,0.87,0.92,0.94,0.01,13.0,4.0,9.0,2.0,1.0,1.0,0.0,0.0,0.0,0.0,0.0,0.0,0.0,0.0,0.0,0.0,0.0,0.0,0.0,0.0,0.0,0.0,0.0,0.0,0.0,0.0
0.6885937976470038,0.2602087680436075,13.0,0.87,0.92,0.94,0.02,13.0,2.0,4.0,0.0,0.0,0.0,0.0,0.0,0.0,0.0,0.0,0.0,0.0,0.0,0.0,0.0,0.0,0.0,0.0,0.0,0.0,0.0,0.0,0.0,0.0,0.0
0.6885937976470038,0.2602087680436075,13.0,0.87,0.92,0.94,0.03,13.0,5.0,3.0,0.0,0.0,0.0,2.0,0.0,0.0,0.0,0.0,0.0,0.0,0.0,0.0,0.0,0.0,0.0,0.0,0.0,0.0,0.0,0.0,0.0,0.0,0.0
0.6885937976470038,0.2602087680436075,13.0,0.87,0.92,0.94,0.04,13.0,7.0,1.0,0.0,0.0,0.0,0.0,0.0,0.0,0.0,0.0,0.0,0.0,0.0,0.0,0.0,0.0,0.0,0.0,0.0,0.0,0.0,0.0,0.0,0.0,0.0
0.6885937976470038,0.2602087680436075,13.0,0.87,0.92,0.94,0.05,13.0,3.0,0.0,0.0,0.0,0.0,0.0,0.0,0.0,0.0,0.0,0.0,0.0,0.0,0.0,0.0,0.0,0.0,0.0,0.0,0.0,0.0,0.0,0.0,0.0,0.0
0.6885937976470038,0.2602087680436075,13.0,0.87,0.92,0.94,0.06,13.0,2.0,3.0,3.0,0.0,1.0,0.0,0.0,0.0,0.0,0.0,0.0,0.0,0.0,0.0,0.0,0.0,0.0,0.0,0.0,0.0,0.0,0.0,0.0,0.0,0.0
0.6885937976470038,0.2602087680436075,13.0,0.87,0.92,0.94,0.07,13.0,3.0,1.0,2.0,0.0,2.0,0.0,0.0,0.0,0.0,2.0,0.0,0.0,0.0,1.0,0.0,0.0,0.0,0.0,0.0,0.0,0.0,0.0,0.0,0.0,0.0
0.6885937976470038,0.2602087680436075,13.0,0.87,0.92,0.94,0.08,13.0,4.0,2.0,0.0,1.0,0.0,0.0,0.0,0.0,0.0,0.0,0.0,0.0,0.0,0.0,0.0,0.0,0.0,0.0,0.0,0.0,0.0,0.0,0.0,0.0,0.0
0.6885937976470038,0.2602087680436075,13.0,0.87,0.92,0.94,0.09,13.0,5.0,12.0,8.0,4.0,3.0,1.0,1.0,0.0,0.0,0.0,0.0,0.0,0.0,0.0,0.0,0.0,0.0,0.0,0.0,0.0,0.0,0.0,0.0,0.0,0.0
0.6885937976470038,0.2602087680436075,13.0,0.87,0.92,0.94,0.1,13.0,2.0,0.0,0.0,1.0,0.0,0.0,0.0,0.0,0.0,0.0,0.0,0.0,0.0,0.0,0.0,0.0,0.0,0.0,0.0,0.0,0.0,0.0,0.0,0.0,0.0
0.6885937976470038,0.2602087680436075,13.0,0.66,0.82,0.93,0.01,13.0,1.0,0.0,1.0,0.0,0.0,0.0,0.0,0.0,0.0,0.0,0.0,0.0,0.0,0.0,0.0,0.0,0.0,0.0,0.0,0.0,0.0,0.0,0.0,0.0,0.0
0.6885937976470038,0.2602087680436075,13.0,0.66,0.82,0.93,0.02,13.0,4.0,3.0,2.0,3.0,7.0,3.0,1.0,1.0,0.0,3.0,0.0,0.0,0.0,0.0,0.0,0.0,0.0,0.0,0.0,0.0,0.0,0.0,0.0,0.0,0.0
0.6885937976470038,0.2602087680436075,13.0,0.66,0.82,0.93,0.03,13.0,3.0,2.0,2.0,1.0,0.0,0.0,1.0,0.0,0.0,0.0,0.0,0.0,0.0,0.0,0.0,0.0,0.0,0.0,0.0,0.0,0.0,0.0,0.0,0.0,0.0
0.6885937976470038,0.2602087680436075,13.0,0.66,0.82,0.93,0.04,13.0,6.0,1.0,0.0,0.0,0.0,0.0,0.0,0.0,0.0,0.0,0.0,0.0,0.0,0.0,0.0,0.0,0.0,0.0,0.0,0.0,0.0,0.0,0.0,0.0,0.0
0.6885937976470038,0.2602087680436075,13.0,0.66,0.82,0.93,0.05,13.0,3.0,5.0,5.0,3.0,3.0,3.0,1.0,1.0,1.0,0.0,0.0,0.0,0.0,0.0,0.0,0.0,0.0,0.0,0.0,0.0,0.0,0.0,0.0,0.0,0.0
0.6885937976470038,0.2602087680436075,13.0,0.66,0.82,0.93,0.06,13.0,6.0,4.0,7.0,3.0,2.0,2.0,0.0,0.0,0.0,0.0,0.0,0.0,0.0,0.0,0.0,0.0,0.0,0.0,0.0,0.0,0.0,0.0,0.0,0.0,0.0
0.6885937976470038,0.2602087680436075,13.0,0.66,0.82,0.93,0.07,13.0,1.0,1.0,1.0,0.0,0.0,0.0,0.0,0.0,0.0,0.0,0.0,0.0,0.0,0.0,0.0,0.0,0.0,0.0,0.0,0.0,0.0,0.0,0.0,0.0,0.0
0.6885937976470038,0.2602087680436075,13.0,0.66,0.82,0.93,0.08,13.0,4.0,2.0,0.0,0.0,1.0,0.0,3.0,1.0,1.0,0.0,0.0,0.0,0.0,0.0,0.0,0.0,0.0,0.0,0.0,0.0,0.0,0.0,0.0,0.0,0.0
0.6885937976470038,0.2602087680436075,13.0,0.66,0.82,0.93,0.09,13.0,2.0,2.0,2.0,3.0,6.0,1.0,5.0,4.0,1.0,1.0,0.0,0.0,0.0,0.0,0.0,0.0,0.0,0.0,0.0,0.0,0.0,0.0,0.0,0.0,0.0
0.6885937976470038,0.2602087680436075,13.0,0.66,0.82,0.93,0.1,13.0,7.0,3.0,2.0,0.0,1.0,1.0,0.0,0.0,0.0,0.0,0.0,0.0,0.0,0.0,0.0,0.0,0.0,0.0,0.0,0.0,0.0,0.0,0.0,0.0,0.0
0.6885937976470038,0.2602087680436075,13.0,0.69,0.77,0.78,0.01,13.0,8.0,4.0,2.0,3.0,1.0,0.0,0.0,1.0,0.0,0.0,0.0,0.0,0.0,0.0,0.0,0.0,0.0,0.0,0.0,0.0,0.0,0.0,0.0,0.0,0.0
0.6885937976470038,0.2602087680436075,13.0,0.69,0.77,0.78,0.02,13.0,5.0,7.0,3.0,1.0,3.0,0.0,0.0,0.0,0.0,0.0,0.0,0.0,0.0,0.0,0.0,0.0,0.0,0.0,0.0,0.0,0.0,0.0,0.0,0.0,0.0
0.6885937976470038,0.2602087680436075,13.0,0.69,0.77,0.78,0.03,13.0,6.0,8.0,5.0,6.0,4.0,5.0,3.0,7.0,3.0,0.0,5.0,6.0,2.0,1.0,0.0,2.0,2.0,1.0,0.0,2.0,1.0,0.0,5.0,0.0,0.0
0.6885937976470038,0.2602087680436075,13.0,0.69,0.77,0.78,0.04,13.0,9.0,5.0,10.0,7.0,16.0,9.0,7.0,5.0,3.0,0.0,0.0,0.0,0.0,0.0,0.0,0.0,0.0,0.0,0.0,0.0,0.0,0.0,0.0,0.0,0.0
0.6885937976470038,0.2602087680436075,13.0,0.69,0.77,0.78,0.05,13.0,8.0,7.0,1.0,9.0,5.0,5.0,4.0,4.0,4.0,0.0,0.0,1.0,1.0,2.0,0.0,0.0,0.0,0.0,0.0,0.0,0.0,0.0,0.0,0.0,0.0
0.6885937976470038,0.2602087680436075,13.0,0.69,0.77,0.78,0.06,13.0,1.0,3.0,1.0,3.0,2.0,0.0,1.0,2.0,1.0,0.0,0.0,0.0,0.0,0.0,0.0,0.0,0.0,0.0,0.0,0.0,0.0,0.0,0.0,0.0,0.0
0.6885937976470038,0.2602087680436075,13.0,0.69,0.77,0.78,0.07,13.0,6.0,2.0,0.0,2.0,0.0,0.0,0.0,0.0,0.0,0.0,0.0,0.0,0.0,0.0,0.0,0.0,0.0,0.0,0.0,0.0,0.0,0.0,0.0,0.0,0.0
0.6885937976470038,0.2602087680436075,13.0,0.69,0.77,0.78,0.08,13.0,3.0,1.0,1.0,1.0,0.0,0.0,0.0,0.0,0.0,0.0,0.0,0.0,0.0,0.0,0.0,0.0,0.0,0.0,0.0,0.0,0.0,0.0,0.0,0.0,0.0
0.6885937976470038,0.2602087680436075,13.0,0.69,0.77,0.78,0.09,13.0,4.0,6.0,6.0,0.0,0.0,1.0,0.0,0.0,0.0,0.0,0.0,0.0,0.0,0.0,0.0,0.0,0.0,0.0,0.0,0.0,0.0,0.0,0.0,0.0,0.0
0.6885937976470038,0.2602087680436075,13.0,0.69,0.77,0.78,0.1,13.0,3.0,1.0,3.0,0.0,1.0,0.0,0.0,1.0,0.0,0.0,0.0,0.0,0.0,0.0,0.0,0.0,0.0,0.0,0.0,0.0,0.0,0.0,0.0,0.0,0.0
0.6885937976470038,0.2602087680436075,13.0,0.67,0.8,0.88,0.01,13.0,4.0,3.0,0.0,0.0,0.0,0.0,0.0,0.0,0.0,0.0,0.0,0.0,0.0,0.0,0.0,0.0,0.0,0.0,0.0,0.0,0.0,0.0,0.0,0.0,0.0
0.6885937976470038,0.2602087680436075,13.0,0.67,0.8,0.88,0.02,13.0,1.0,0.0,1.0,1.0,2.0,0.0,0.0,0.0,0.0,0.0,0.0,0.0,0.0,0.0,0.0,0.0,0.0,0.0,0.0,0.0,0.0,0.0,0.0,0.0,0.0
0.6885937976470038,0.2602087680436075,13.0,0.67,0.8,0.88,0.03,13.0,5.0,4.0,1.0,0.0,0.0,0.0,0.0,0.0,0.0,0.0,0.0,0.0,0.0,0.0,0.0,0.0,0.0,0.0,0.0,0.0,0.0,0.0,0.0,0.0,0.0
0.6885937976470038,0.2602087680436075,13.0,0.67,0.8,0.88,0.04,13.0,4.0,3.0,2.0,1.0,0.0,0.0,0.0,0.0,0.0,0.0,0.0,0.0,0.0,0.0,0.0,0.0,0.0,0.0,0.0,0.0,0.0,0.0,0.0,0.0,0.0
0.6885937976470038,0.2602087680436075,13.0,0.67,0.8,0.88,0.05,13.0,8.0,2.0,2.0,3.0,0.0,0.0,0.0,0.0,0.0,0.0,0.0,0.0,0.0,0.0,0.0,0.0,0.0,0.0,0.0,0.0,0.0,0.0,0.0,0.0,0.0
0.6885937976470038,0.2602087680436075,13.0,0.67,0.8,0.88,0.06,13.0,10.0,9.0,13.0,5.0,4.0,2.0,4.0,3.0,0.0,0.0,1.0,0.0,0.0,0.0,0.0,0.0,0.0,0.0,0.0,0.0,0.0,0.0,0.0,0.0,0.0
0.6885937976470038,0.2602087680436075,13.0,0.67,0.8,0.88,0.07,13.0,2.0,2.0,2.0,0.0,1.0,0.0,0.0,0.0,0.0,0.0,0.0,0.0,0.0,0.0,0.0,0.0,0.0,0.0,0.0,0.0,0.0,0.0,0.0,0.0,0.0
0.6885937976470038,0.2602087680436075,13.0,0.67,0.8,0.88,0.08,13.0,3.0,4.0,7.0,3.0,3.0,0.0,0.0,0.0,0.0,0.0,0.0,0.0,0.0,0.0,0.0,0.0,0.0,0.0,0.0,0.0,0.0,0.0,0.0,0.0,0.0
0.6885937976470038,0.2602087680436075,13.0,0.67,0.8,0.88,0.09,13.0,6.0,5.0,4.0,6.0,1.0,1.0,0.0,0.0,0.0,0.0,0.0,0.0,0.0,0.0,0.0,0.0,0.0,0.0,0.0,0.0,0.0,0.0,0.0,0.0,0.0
0.6885937976470038,0.2602087680436075,13.0,0.67,0.8,0.88,0.1,13.0,5.0,1.0,1.0,0.0,1.0,0.0,0.0,0.0,0.0,0.0,0.0,0.0,0.0,0.0,0.0,0.0,0.0,0.0,0.0,0.0,0.0,0.0,0.0,0.0,0.0
0.6885937976470038,0.2602087680436075,13.0,0.66,0.75,0.78,0.01,13.0,2.0,0.0,1.0,0.0,0.0,0.0,0.0,0.0,0.0,0.0,0.0,0.0,0.0,0.0,0.0,0.0,0.0,0.0,0.0,0.0,0.0,0.0,0.0,0.0,0.0
0.6885937976470038,0.2602087680436075,13.0,0.66,0.75,0.78,0.02,13.0,4.0,3.0,2.0,2.0,6.0,3.0,0.0,3.0,4.0,4.0,6.0,2.0,2.0,4.0,1.0,0.0,0.0,0.0,0.0,0.0,0.0,0.0,0.0,0.0,0.0
0.6885937976470038,0.2602087680436075,13.0,0.66,0.75,0.78,0.03,13.0,3.0,2.0,2.0,1.0,0.0,0.0,0.0,0.0,0.0,0.0,0.0,0.0,0.0,0.0,0.0,0.0,0.0,0.0,0.0,0.0,0.0,0.0,0.0,0.0,0.0
0.6885937976470038,0.2602087680436075,13.0,0.66,0.75,0.78,0.04,13.0,4.0,1.0,1.0,0.0,0.0,0.0,0.0,0.0,0.0,0.0,0.0,0.0,0.0,0.0,0.0,0.0,0.0,0.0,0.0,0.0,0.0,0.0,0.0,0.0,0.0
0.6885937976470038,0.2602087680436075,13.0,0.66,0.75,0.78,0.05,13.0,7.0,4.0,2.0,5.0,1.0,1.0,1.0,1.0,0.0,0.0,0.0,0.0,0.0,0.0,0.0,0.0,0.0,0.0,0.0,0.0,0.0,0.0,0.0,0.0,0.0
0.6885937976470038,0.2602087680436075,13.0,0.66,0.75,0.78,0.06,13.0,2.0,2.0,0.0,2.0,0.0,0.0,0.0,0.0,0.0,0.0,0.0,0.0,0.0,0.0,0.0,0.0,0.0,0.0,0.0,0.0,0.0,0.0,0.0,0.0,0.0
0.6885937976470038,0.2602087680436075,13.0,0.66,0.75,0.78,0.07,13.0,11.0,8.0,0.0,0.0,0.0,0.0,0.0,0.0,0.0,0.0,0.0,0.0,0.0,0.0,0.0,0.0,0.0,0.0,0.0,0.0,0.0,0.0,0.0,0.0,0.0
0.6885937976470038,0.2602087680436075,13.0,0.66,0.75,0.78,0.08,13.0,3.0,1.0,1.0,0.0,2.0,1.0,2.0,7.0,4.0,1.0,0.0,1.0,0.0,0.0,0.0,0.0,0.0,0.0,0.0,0.0,0.0,0.0,0.0,0.0,0.0
0.6885937976470038,0.2602087680436075,13.0,0.66,0.75,0.78,0.09,13.0,11.0,8.0,3.0,8.0,5.0,8.0,2.0,0.0,0.0,0.0,0.0,0.0,0.0,0.0,0.0,0.0,0.0,0.0,0.0,0.0,0.0,0.0,0.0,0.0,0.0
0.6885937976470038,0.2602087680436075,13.0,0.66,0.75,0.78,0.1,13.0,0.0,6.0,8.0,2.0,4.0,7.0,2.0,10.0,1.0,3.0,1.0,7.0,6.0,7.0,5.0,9.0,5.0,7.0,4.0,6.0,4.0,6.0,4.0,2.0,1.0
