inf_prob,diag_prob,i0,vaccine_efficacy1,vaccine_efficacy2,infection_efficacy,first_outbreak_size,0,1,2,3,4,5,6,7,8,9,10,11,12,13,14,15,16,17,18,19,20,21,22,23,24,25
0.6512236086467478,0.288443684010597,12.0,0.69,0.75,0.0,6478.0,12.0,3.0,0.0,0.0,0.0,0.0,0.0,0.0,0.0,0.0,0.0,0.0,0.0,0.0,0.0,0.0,0.0,0.0,0.0,0.0,0.0,0.0,0.0,0.0,0.0,0.0
0.6512236086467478,0.288443684010597,12.0,0.69,0.75,0.0,6478.0,12.0,7.0,9.0,4.0,6.0,12.0,20.0,23.0,43.0,73.0,94.0,106.0,137.0,142.0,158.0,168.0,173.0,173.0,176.0,134.0,127.0,120.0,105.0,99.0,59.0,48.0
0.6512236086467478,0.288443684010597,12.0,0.69,0.75,0.0,6478.0,12.0,15.0,13.0,19.0,23.0,44.0,47.0,65.0,104.0,73.0,109.0,120.0,150.0,180.0,150.0,172.0,197.0,161.0,162.0,170.0,154.0,118.0,117.0,109.0,80.0,66.0
0.6512236086467478,0.288443684010597,12.0,0.69,0.75,0.0,6478.0,12.0,1.0,4.0,1.0,5.0,4.0,8.0,14.0,10.0,5.0,5.0,20.0,22.0,17.0,20.0,30.0,35.0,33.0,50.0,68.0,55.0,56.0,66.0,102.0,96.0,91.0
0.6512236086467478,0.288443684010597,12.0,0.69,0.75,0.0,6478.0,12.0,2.0,1.0,1.0,0.0,0.0,0.0,0.0,0.0,0.0,0.0,0.0,0.0,0.0,0.0,0.0,0.0,0.0,0.0,0.0,0.0,0.0,0.0,0.0,0.0,0.0
0.6512236086467478,0.288443684010597,12.0,0.69,0.75,0.0,6478.0,12.0,10.0,13.0,18.0,24.0,39.0,69.0,77.0,129.0,150.0,177.0,172.0,210.0,172.0,199.0,212.0,206.0,158.0,127.0,103.0,78.0,64.0,62.0,42.0,37.0,36.0
0.6512236086467478,0.288443684010597,12.0,0.69,0.75,0.0,6478.0,12.0,6.0,9.0,7.0,10.0,4.0,8.0,14.0,10.0,16.0,19.0,17.0,32.0,43.0,78.0,77.0,82.0,111.0,134.0,139.0,167.0,173.0,169.0,172.0,143.0,144.0
0.6512236086467478,0.288443684010597,12.0,0.69,0.75,0.0,6478.0,12.0,6.0,2.0,2.0,0.0,0.0,0.0,0.0,0.0,0.0,0.0,0.0,0.0,0.0,0.0,0.0,0.0,0.0,0.0,0.0,0.0,0.0,0.0,0.0,0.0,0.0
0.6512236086467478,0.288443684010597,12.0,0.69,0.75,0.0,6478.0,12.0,12.0,9.0,5.0,14.0,25.0,29.0,30.0,63.0,67.0,105.0,150.0,142.0,159.0,159.0,134.0,157.0,169.0,158.0,135.0,159.0,157.0,124.0,98.0,94.0,84.0
0.6512236086467478,0.288443684010597,12.0,0.69,0.75,0.0,6478.0,12.0,6.0,13.0,15.0,17.0,19.0,23.0,43.0,53.0,66.0,69.0,96.0,107.0,132.0,122.0,126.0,154.0,154.0,173.0,173.0,121.0,115.0,131.0,102.0,98.0,90.0
0.6512236086467478,0.288443684010597,12.0,0.74,0.75,0.0,6478.0,12.0,3.0,8.0,8.0,15.0,19.0,22.0,39.0,38.0,41.0,51.0,74.0,84.0,82.0,107.0,131.0,151.0,148.0,168.0,153.0,138.0,153.0,131.0,111.0,91.0,73.0
0.6512236086467478,0.288443684010597,12.0,0.74,0.75,0.0,6478.0,12.0,1.0,1.0,1.0,5.0,8.0,9.0,17.0,25.0,36.0,32.0,68.0,54.0,77.0,54.0,81.0,94.0,120.0,120.0,144.0,170.0,163.0,175.0,165.0,135.0,125.0
0.6512236086467478,0.288443684010597,12.0,0.74,0.75,0.0,6478.0,12.0,7.0,15.0,34.0,28.0,48.0,71.0,77.0,75.0,88.0,124.0,158.0,186.0,168.0,157.0,154.0,137.0,148.0,115.0,112.0,92.0,68.0,50.0,42.0,39.0,32.0
0.6512236086467478,0.288443684010597,12.0,0.74,0.75,0.0,6478.0,12.0,6.0,15.0,16.0,35.0,62.0,87.0,99.0,126.0,151.0,168.0,191.0,216.0,198.0,193.0,170.0,151.0,147.0,121.0,104.0,110.0,84.0,68.0,43.0,43.0,38.0
0.6512236086467478,0.288443684010597,12.0,0.74,0.75,0.0,6478.0,12.0,7.0,5.0,13.0,15.0,16.0,33.0,48.0,45.0,52.0,74.0,88.0,79.0,85.0,105.0,90.0,111.0,111.0,116.0,120.0,117.0,127.0,128.0,105.0,102.0,114.0
0.6512236086467478,0.288443684010597,12.0,0.74,0.75,0.0,6478.0,12.0,1.0,0.0,0.0,0.0,0.0,0.0,0.0,0.0,0.0,0.0,0.0,0.0,0.0,0.0,0.0,0.0,0.0,0.0,0.0,0.0,0.0,0.0,0.0,0.0,0.0
0.6512236086467478,0.288443684010597,12.0,0.74,0.75,0.0,6478.0,12.0,1.0,4.0,0.0,4.0,6.0,12.0,11.0,24.0,37.0,52.0,51.0,46.0,51.0,54.0,79.0,83.0,93.0,111.0,96.0,139.0,144.0,131.0,124.0,113.0,84.0
0.6512236086467478,0.288443684010597,12.0,0.74,0.75,0.0,6478.0,12.0,6.0,5.0,6.0,3.0,7.0,7.0,7.0,3.0,15.0,9.0,24.0,20.0,49.0,49.0,50.0,56.0,93.0,94.0,112.0,128.0,169.0,149.0,173.0,159.0,144.0
0.6512236086467478,0.288443684010597,12.0,0.74,0.75,0.0,6478.0,12.0,4.0,7.0,8.0,9.0,21.0,21.0,26.0,51.0,30.0,63.0,70.0,93.0,95.0,125.0,127.0,111.0,132.0,141.0,112.0,137.0,127.0,125.0,123.0,141.0,116.0
0.6512236086467478,0.288443684010597,12.0,0.74,0.75,0.0,6478.0,12.0,11.0,25.0,42.0,24.0,26.0,42.0,62.0,82.0,121.0,108.0,153.0,138.0,155.0,144.0,164.0,146.0,172.0,146.0,138.0,156.0,126.0,98.0,55.0,53.0,28.0
0.6512236086467478,0.288443684010597,12.0,0.75,0.83,0.0,6478.0,12.0,8.0,7.0,14.0,13.0,16.0,20.0,36.0,39.0,49.0,57.0,55.0,81.0,135.0,105.0,172.0,133.0,140.0,146.0,167.0,173.0,164.0,140.0,107.0,90.0,69.0
0.6512236086467478,0.288443684010597,12.0,0.75,0.83,0.0,6478.0,12.0,13.0,20.0,17.0,19.0,12.0,25.0,38.0,36.0,50.0,64.0,93.0,108.0,109.0,117.0,118.0,121.0,114.0,125.0,144.0,115.0,100.0,68.0,71.0,66.0,69.0
0.6512236086467478,0.288443684010597,12.0,0.75,0.83,0.0,6478.0,12.0,5.0,9.0,17.0,15.0,23.0,28.0,22.0,32.0,29.0,39.0,51.0,56.0,62.0,69.0,81.0,128.0,130.0,132.0,122.0,154.0,115.0,134.0,132.0,112.0,109.0
0.6512236086467478,0.288443684010597,12.0,0.75,0.83,0.0,6478.0,12.0,5.0,11.0,13.0,17.0,29.0,48.0,45.0,39.0,41.0,66.0,56.0,77.0,89.0,96.0,134.0,129.0,119.0,131.0,122.0,132.0,130.0,118.0,89.0,78.0,94.0
0.6512236086467478,0.288443684010597,12.0,0.75,0.83,0.0,6478.0,12.0,11.0,11.0,10.0,6.0,7.0,7.0,15.0,16.0,46.0,28.0,34.0,29.0,47.0,56.0,55.0,68.0,78.0,70.0,64.0,96.0,109.0,140.0,154.0,151.0,122.0
0.6512236086467478,0.288443684010597,12.0,0.75,0.83,0.0,6478.0,12.0,4.0,8.0,8.0,12.0,19.0,13.0,28.0,35.0,48.0,52.0,66.0,77.0,83.0,86.0,81.0,101.0,106.0,117.0,129.0,123.0,112.0,111.0,121.0,102.0,77.0
0.6512236086467478,0.288443684010597,12.0,0.75,0.83,0.0,6478.0,12.0,7.0,4.0,11.0,10.0,10.0,25.0,29.0,44.0,65.0,82.0,96.0,127.0,127.0,144.0,122.0,170.0,154.0,152.0,131.0,107.0,96.0,65.0,68.0,46.0,44.0
0.6512236086467478,0.288443684010597,12.0,0.75,0.83,0.0,6478.0,12.0,14.0,14.0,17.0,37.0,40.0,36.0,48.0,93.0,72.0,104.0,108.0,135.0,137.0,158.0,157.0,148.0,123.0,114.0,106.0,108.0,78.0,84.0,55.0,47.0,30.0
0.6512236086467478,0.288443684010597,12.0,0.75,0.83,0.0,6478.0,12.0,6.0,10.0,7.0,17.0,13.0,19.0,17.0,43.0,42.0,66.0,71.0,104.0,109.0,135.0,121.0,154.0,128.0,166.0,150.0,129.0,128.0,108.0,76.0,75.0,74.0
0.6512236086467478,0.288443684010597,12.0,0.75,0.83,0.0,6478.0,12.0,6.0,10.0,19.0,18.0,31.0,23.0,35.0,38.0,61.0,70.0,63.0,92.0,114.0,116.0,112.0,136.0,135.0,130.0,91.0,109.0,105.0,76.0,57.0,84.0,66.0
0.6512236086467478,0.288443684010597,12.0,0.71,0.75,0.0,6478.0,12.0,15.0,20.0,24.0,34.0,50.0,60.0,62.0,93.0,96.0,110.0,136.0,142.0,176.0,145.0,177.0,234.0,199.0,171.0,195.0,134.0,94.0,100.0,60.0,58.0,53.0
0.6512236086467478,0.288443684010597,12.0,0.71,0.75,0.0,6478.0,12.0,7.0,8.0,5.0,1.0,1.0,2.0,0.0,0.0,0.0,0.0,0.0,0.0,0.0,0.0,0.0,0.0,0.0,0.0,0.0,0.0,0.0,0.0,0.0,0.0,0.0
0.6512236086467478,0.288443684010597,12.0,0.71,0.75,0.0,6478.0,12.0,3.0,7.0,2.0,5.0,2.0,15.0,11.0,22.0,22.0,24.0,44.0,33.0,60.0,99.0,110.0,142.0,126.0,179.0,164.0,196.0,142.0,161.0,153.0,134.0,134.0
0.6512236086467478,0.288443684010597,12.0,0.71,0.75,0.0,6478.0,12.0,2.0,9.0,7.0,9.0,25.0,26.0,32.0,37.0,43.0,47.0,58.0,65.0,62.0,88.0,101.0,97.0,91.0,124.0,95.0,116.0,114.0,114.0,115.0,109.0,126.0
0.6512236086467478,0.288443684010597,12.0,0.71,0.75,0.0,6478.0,12.0,11.0,7.0,7.0,11.0,15.0,25.0,34.0,44.0,56.0,59.0,61.0,106.0,111.0,100.0,95.0,124.0,161.0,140.0,121.0,114.0,125.0,110.0,118.0,85.0,92.0
0.6512236086467478,0.288443684010597,12.0,0.71,0.75,0.0,6478.0,12.0,11.0,15.0,10.0,15.0,15.0,14.0,16.0,13.0,24.0,42.0,67.0,79.0,92.0,118.0,142.0,157.0,209.0,171.0,185.0,196.0,201.0,207.0,156.0,155.0,122.0
0.6512236086467478,0.288443684010597,12.0,0.71,0.75,0.0,6478.0,12.0,5.0,3.0,2.0,5.0,5.0,11.0,18.0,15.0,15.0,19.0,24.0,37.0,62.0,66.0,80.0,100.0,124.0,134.0,166.0,154.0,158.0,156.0,168.0,157.0,153.0
0.6512236086467478,0.288443684010597,12.0,0.71,0.75,0.0,6478.0,12.0,5.0,6.0,17.0,19.0,34.0,33.0,52.0,57.0,45.0,55.0,40.0,50.0,66.0,68.0,90.0,115.0,168.0,150.0,169.0,142.0,130.0,111.0,117.0,83.0,93.0
0.6512236086467478,0.288443684010597,12.0,0.71,0.75,0.0,6478.0,12.0,2.0,1.0,4.0,3.0,5.0,7.0,15.0,17.0,29.0,18.0,24.0,23.0,49.0,40.0,54.0,87.0,98.0,111.0,131.0,133.0,159.0,152.0,141.0,137.0,121.0
0.6512236086467478,0.288443684010597,12.0,0.71,0.75,0.0,6478.0,12.0,5.0,14.0,20.0,23.0,42.0,62.0,61.0,74.0,88.0,106.0,113.0,123.0,124.0,154.0,150.0,160.0,158.0,143.0,154.0,90.0,95.0,94.0,53.0,38.0,29.0
0.6512236086467478,0.288443684010597,12.0,0.76,0.79,0.0,6478.0,12.0,6.0,6.0,11.0,25.0,32.0,34.0,60.0,58.0,61.0,84.0,96.0,115.0,121.0,104.0,126.0,134.0,126.0,116.0,114.0,116.0,93.0,134.0,91.0,86.0,92.0
0.6512236086467478,0.288443684010597,12.0,0.76,0.79,0.0,6478.0,12.0,16.0,22.0,28.0,37.0,45.0,63.0,77.0,94.0,112.0,118.0,104.0,113.0,144.0,139.0,138.0,177.0,130.0,124.0,108.0,94.0,77.0,66.0,46.0,35.0,39.0
0.6512236086467478,0.288443684010597,12.0,0.76,0.79,0.0,6478.0,12.0,5.0,5.0,6.0,9.0,4.0,22.0,27.0,18.0,28.0,32.0,37.0,66.0,84.0,98.0,130.0,155.0,148.0,126.0,152.0,134.0,132.0,121.0,116.0,104.0,94.0
0.6512236086467478,0.288443684010597,12.0,0.76,0.79,0.0,6478.0,12.0,12.0,7.0,22.0,15.0,15.0,24.0,43.0,57.0,52.0,67.0,85.0,81.0,117.0,132.0,150.0,157.0,159.0,170.0,157.0,117.0,148.0,109.0,90.0,66.0,49.0
0.6512236086467478,0.288443684010597,12.0,0.76,0.79,0.0,6478.0,12.0,2.0,3.0,5.0,13.0,6.0,6.0,13.0,17.0,23.0,20.0,31.0,47.0,56.0,82.0,95.0,103.0,104.0,113.0,122.0,114.0,121.0,134.0,134.0,122.0,129.0
0.6512236086467478,0.288443684010597,12.0,0.76,0.79,0.0,6478.0,12.0,3.0,4.0,0.0,2.0,1.0,3.0,0.0,3.0,0.0,1.0,1.0,0.0,0.0,0.0,0.0,0.0,0.0,0.0,0.0,0.0,0.0,0.0,0.0,0.0,0.0
0.6512236086467478,0.288443684010597,12.0,0.76,0.79,0.0,6478.0,12.0,1.0,13.0,0.0,16.0,22.0,24.0,22.0,43.0,48.0,41.0,51.0,62.0,71.0,83.0,76.0,83.0,72.0,126.0,127.0,116.0,117.0,127.0,98.0,96.0,70.0
0.6512236086467478,0.288443684010597,12.0,0.76,0.79,0.0,6478.0,12.0,12.0,15.0,21.0,24.0,29.0,49.0,48.0,68.0,84.0,80.0,127.0,135.0,131.0,156.0,160.0,137.0,142.0,146.0,143.0,111.0,95.0,63.0,80.0,69.0,58.0
0.6512236086467478,0.288443684010597,12.0,0.76,0.79,0.0,6478.0,12.0,13.0,17.0,10.0,13.0,20.0,22.0,24.0,44.0,61.0,69.0,90.0,69.0,94.0,111.0,107.0,107.0,115.0,135.0,119.0,93.0,79.0,70.0,58.0,63.0,33.0
0.6512236086467478,0.288443684010597,12.0,0.76,0.79,0.0,6478.0,12.0,9.0,9.0,9.0,15.0,24.0,20.0,23.0,28.0,44.0,56.0,55.0,89.0,126.0,129.0,109.0,155.0,121.0,151.0,158.0,125.0,134.0,124.0,112.0,105.0,106.0
0.6512236086467478,0.288443684010597,12.0,0.73,0.75,0.0,6478.0,12.0,4.0,11.0,8.0,6.0,11.0,14.0,29.0,44.0,39.0,64.0,87.0,125.0,151.0,157.0,156.0,164.0,191.0,190.0,187.0,184.0,169.0,129.0,101.0,110.0,86.0
0.6512236086467478,0.288443684010597,12.0,0.73,0.75,0.0,6478.0,12.0,5.0,11.0,11.0,12.0,6.0,15.0,13.0,12.0,10.0,13.0,13.0,19.0,25.0,30.0,22.0,17.0,15.0,30.0,21.0,36.0,42.0,43.0,39.0,45.0,32.0
0.6512236086467478,0.288443684010597,12.0,0.73,0.75,0.0,6478.0,12.0,3.0,6.0,10.0,27.0,29.0,42.0,59.0,73.0,65.0,95.0,120.0,119.0,135.0,112.0,167.0,145.0,160.0,134.0,162.0,156.0,136.0,123.0,100.0,77.0,80.0
0.6512236086467478,0.288443684010597,12.0,0.73,0.75,0.0,6478.0,12.0,3.0,1.0,5.0,1.0,6.0,4.0,5.0,2.0,11.0,12.0,7.0,18.0,14.0,33.0,49.0,60.0,100.0,95.0,133.0,155.0,134.0,161.0,166.0,188.0,148.0
0.6512236086467478,0.288443684010597,12.0,0.73,0.75,0.0,6478.0,12.0,8.0,7.0,12.0,7.0,20.0,29.0,59.0,51.0,84.0,86.0,93.0,138.0,147.0,160.0,152.0,193.0,204.0,164.0,161.0,130.0,124.0,93.0,88.0,72.0,66.0
0.6512236086467478,0.288443684010597,12.0,0.73,0.75,0.0,6478.0,12.0,10.0,9.0,11.0,16.0,32.0,36.0,65.0,74.0,81.0,97.0,124.0,170.0,175.0,185.0,154.0,157.0,160.0,154.0,140.0,126.0,124.0,98.0,84.0,66.0,65.0
0.6512236086467478,0.288443684010597,12.0,0.73,0.75,0.0,6478.0,12.0,8.0,20.0,36.0,38.0,47.0,54.0,62.0,98.0,96.0,116.0,108.0,109.0,124.0,109.0,128.0,146.0,134.0,146.0,134.0,134.0,116.0,102.0,90.0,90.0,71.0
0.6512236086467478,0.288443684010597,12.0,0.73,0.75,0.0,6478.0,12.0,8.0,17.0,32.0,28.0,37.0,51.0,57.0,67.0,68.0,99.0,70.0,110.0,138.0,163.0,165.0,166.0,156.0,158.0,122.0,99.0,106.0,108.0,93.0,84.0,86.0
0.6512236086467478,0.288443684010597,12.0,0.73,0.75,0.0,6478.0,12.0,9.0,8.0,15.0,19.0,32.0,59.0,74.0,98.0,125.0,104.0,110.0,137.0,160.0,170.0,160.0,141.0,160.0,138.0,148.0,118.0,128.0,88.0,79.0,64.0,58.0
0.6512236086467478,0.288443684010597,12.0,0.73,0.75,0.0,6478.0,12.0,1.0,2.0,8.0,13.0,27.0,27.0,41.0,62.0,77.0,107.0,156.0,145.0,177.0,170.0,158.0,174.0,159.0,151.0,138.0,140.0,126.0,129.0,103.0,68.0,51.0
0.6512236086467478,0.288443684010597,12.0,0.71,0.88,0.0,6478.0,12.0,17.0,27.0,32.0,38.0,78.0,81.0,91.0,93.0,122.0,137.0,164.0,136.0,133.0,140.0,118.0,124.0,99.0,75.0,56.0,48.0,34.0,32.0,21.0,24.0,31.0
0.6512236086467478,0.288443684010597,12.0,0.71,0.88,0.0,6478.0,12.0,2.0,2.0,3.0,2.0,3.0,0.0,0.0,0.0,0.0,0.0,0.0,0.0,0.0,0.0,0.0,0.0,0.0,0.0,0.0,0.0,0.0,0.0,0.0,0.0,0.0
0.6512236086467478,0.288443684010597,12.0,0.71,0.88,0.0,6478.0,12.0,9.0,4.0,6.0,6.0,13.0,21.0,24.0,17.0,15.0,35.0,36.0,31.0,57.0,72.0,77.0,100.0,93.0,101.0,105.0,111.0,93.0,126.0,151.0,145.0,128.0
0.6512236086467478,0.288443684010597,12.0,0.71,0.88,0.0,6478.0,12.0,5.0,0.0,0.0,0.0,1.0,2.0,0.0,1.0,0.0,0.0,0.0,0.0,0.0,0.0,0.0,0.0,0.0,0.0,0.0,0.0,0.0,0.0,0.0,0.0,0.0
0.6512236086467478,0.288443684010597,12.0,0.71,0.88,0.0,6478.0,12.0,9.0,15.0,30.0,27.0,48.0,66.0,55.0,89.0,96.0,84.0,77.0,131.0,127.0,140.0,130.0,141.0,138.0,108.0,116.0,78.0,71.0,54.0,38.0,46.0,21.0
0.6512236086467478,0.288443684010597,12.0,0.71,0.88,0.0,6478.0,12.0,14.0,17.0,26.0,22.0,24.0,36.0,55.0,61.0,72.0,92.0,123.0,122.0,125.0,148.0,175.0,154.0,131.0,105.0,100.0,98.0,107.0,79.0,68.0,52.0,55.0
0.6512236086467478,0.288443684010597,12.0,0.71,0.88,0.0,6478.0,12.0,10.0,24.0,28.0,43.0,39.0,58.0,78.0,79.0,76.0,119.0,129.0,129.0,124.0,142.0,138.0,163.0,129.0,124.0,137.0,98.0,89.0,86.0,73.0,54.0,39.0
0.6512236086467478,0.288443684010597,12.0,0.71,0.88,0.0,6478.0,12.0,3.0,1.0,2.0,0.0,1.0,3.0,5.0,8.0,2.0,3.0,2.0,4.0,10.0,16.0,13.0,23.0,26.0,29.0,34.0,30.0,40.0,62.0,60.0,66.0,75.0
0.6512236086467478,0.288443684010597,12.0,0.71,0.88,0.0,6478.0,12.0,6.0,6.0,10.0,6.0,8.0,3.0,8.0,10.0,14.0,21.0,23.0,37.0,62.0,68.0,90.0,105.0,115.0,116.0,119.0,112.0,116.0,109.0,125.0,114.0,91.0
0.6512236086467478,0.288443684010597,12.0,0.71,0.88,0.0,6478.0,12.0,3.0,6.0,9.0,9.0,4.0,9.0,26.0,34.0,45.0,64.0,81.0,116.0,125.0,141.0,172.0,156.0,145.0,158.0,176.0,160.0,169.0,130.0,149.0,122.0,107.0
0.6512236086467478,0.288443684010597,12.0,0.66,0.87,0.0,6478.0,12.0,3.0,7.0,23.0,24.0,29.0,38.0,53.0,50.0,84.0,73.0,103.0,112.0,118.0,124.0,157.0,139.0,131.0,130.0,119.0,135.0,82.0,94.0,73.0,87.0,64.0
0.6512236086467478,0.288443684010597,12.0,0.66,0.87,0.0,6478.0,12.0,12.0,14.0,18.0,20.0,18.0,14.0,22.0,32.0,21.0,29.0,39.0,53.0,71.0,91.0,105.0,92.0,111.0,126.0,136.0,150.0,121.0,87.0,98.0,79.0,67.0
0.6512236086467478,0.288443684010597,12.0,0.66,0.87,0.0,6478.0,12.0,7.0,6.0,8.0,12.0,28.0,27.0,33.0,36.0,31.0,45.0,67.0,57.0,76.0,110.0,138.0,130.0,148.0,167.0,137.0,142.0,164.0,146.0,130.0,89.0,86.0
0.6512236086467478,0.288443684010597,12.0,0.66,0.87,0.0,6478.0,12.0,16.0,34.0,28.0,37.0,56.0,65.0,72.0,105.0,141.0,155.0,147.0,143.0,174.0,162.0,144.0,114.0,137.0,104.0,100.0,92.0,62.0,63.0,42.0,25.0,26.0
0.6512236086467478,0.288443684010597,12.0,0.66,0.87,0.0,6478.0,12.0,14.0,8.0,19.0,18.0,36.0,39.0,53.0,65.0,65.0,94.0,94.0,99.0,120.0,118.0,140.0,111.0,124.0,119.0,102.0,103.0,86.0,90.0,63.0,48.0,40.0
0.6512236086467478,0.288443684010597,12.0,0.66,0.87,0.0,6478.0,12.0,7.0,7.0,4.0,5.0,9.0,12.0,28.0,35.0,45.0,70.0,98.0,102.0,120.0,130.0,154.0,151.0,175.0,155.0,158.0,129.0,129.0,116.0,126.0,105.0,87.0
0.6512236086467478,0.288443684010597,12.0,0.66,0.87,0.0,6478.0,12.0,2.0,4.0,2.0,3.0,5.0,4.0,1.0,6.0,22.0,28.0,62.0,71.0,89.0,75.0,116.0,136.0,138.0,162.0,160.0,157.0,127.0,138.0,137.0,135.0,116.0
0.6512236086467478,0.288443684010597,12.0,0.66,0.87,0.0,6478.0,12.0,4.0,14.0,7.0,11.0,7.0,6.0,7.0,6.0,19.0,18.0,25.0,24.0,31.0,28.0,23.0,44.0,45.0,51.0,45.0,65.0,47.0,68.0,94.0,108.0,144.0
0.6512236086467478,0.288443684010597,12.0,0.66,0.87,0.0,6478.0,12.0,5.0,2.0,5.0,4.0,5.0,4.0,7.0,10.0,13.0,14.0,32.0,27.0,37.0,44.0,71.0,89.0,93.0,129.0,179.0,160.0,171.0,136.0,132.0,126.0,94.0
0.6512236086467478,0.288443684010597,12.0,0.66,0.87,0.0,6478.0,12.0,2.0,2.0,0.0,0.0,0.0,0.0,0.0,0.0,0.0,0.0,0.0,0.0,0.0,0.0,0.0,0.0,0.0,0.0,0.0,0.0,0.0,0.0,0.0,0.0,0.0
0.6512236086467478,0.288443684010597,12.0,0.84,0.87,0.0,6478.0,12.0,5.0,1.0,8.0,6.0,6.0,7.0,3.0,8.0,7.0,10.0,15.0,29.0,25.0,30.0,33.0,32.0,54.0,46.0,73.0,100.0,91.0,102.0,124.0,108.0,114.0
0.6512236086467478,0.288443684010597,12.0,0.84,0.87,0.0,6478.0,12.0,3.0,2.0,5.0,3.0,1.0,1.0,0.0,2.0,1.0,6.0,6.0,10.0,15.0,9.0,28.0,16.0,21.0,25.0,22.0,29.0,50.0,68.0,47.0,49.0,77.0
0.6512236086467478,0.288443684010597,12.0,0.84,0.87,0.0,6478.0,12.0,6.0,13.0,19.0,17.0,28.0,35.0,40.0,55.0,74.0,94.0,111.0,111.0,120.0,122.0,128.0,99.0,94.0,89.0,95.0,93.0,91.0,61.0,37.0,44.0,37.0
0.6512236086467478,0.288443684010597,12.0,0.84,0.87,0.0,6478.0,12.0,6.0,8.0,15.0,36.0,38.0,57.0,77.0,53.0,64.0,69.0,85.0,102.0,99.0,119.0,123.0,116.0,129.0,114.0,104.0,79.0,88.0,73.0,54.0,64.0,46.0
0.6512236086467478,0.288443684010597,12.0,0.84,0.87,0.0,6478.0,12.0,5.0,2.0,8.0,3.0,15.0,9.0,35.0,46.0,52.0,82.0,107.0,121.0,107.0,124.0,116.0,136.0,132.0,134.0,125.0,126.0,106.0,98.0,91.0,84.0,47.0
0.6512236086467478,0.288443684010597,12.0,0.84,0.87,0.0,6478.0,12.0,8.0,8.0,12.0,24.0,21.0,24.0,41.0,37.0,59.0,87.0,102.0,108.0,117.0,117.0,129.0,121.0,144.0,115.0,117.0,108.0,108.0,103.0,76.0,72.0,61.0
0.6512236086467478,0.288443684010597,12.0,0.84,0.87,0.0,6478.0,12.0,2.0,2.0,11.0,17.0,23.0,21.0,36.0,38.0,44.0,62.0,71.0,61.0,65.0,70.0,96.0,95.0,82.0,107.0,87.0,95.0,79.0,76.0,83.0,64.0,63.0
0.6512236086467478,0.288443684010597,12.0,0.84,0.87,0.0,6478.0,12.0,5.0,5.0,3.0,2.0,1.0,6.0,12.0,8.0,16.0,15.0,23.0,37.0,47.0,56.0,58.0,58.0,98.0,125.0,106.0,115.0,143.0,112.0,96.0,100.0,95.0
0.6512236086467478,0.288443684010597,12.0,0.84,0.87,0.0,6478.0,12.0,5.0,9.0,10.0,8.0,14.0,10.0,12.0,12.0,19.0,23.0,44.0,47.0,58.0,68.0,77.0,82.0,97.0,84.0,99.0,92.0,93.0,108.0,98.0,90.0,83.0
0.6512236086467478,0.288443684010597,12.0,0.84,0.87,0.0,6478.0,12.0,4.0,0.0,0.0,0.0,1.0,4.0,10.0,10.0,18.0,27.0,26.0,40.0,33.0,57.0,82.0,93.0,110.0,111.0,102.0,131.0,133.0,119.0,98.0,131.0,107.0
0.6512236086467478,0.288443684010597,12.0,0.66,0.78,0.0,6478.0,12.0,6.0,11.0,18.0,27.0,50.0,78.0,72.0,111.0,122.0,145.0,164.0,189.0,164.0,168.0,190.0,175.0,166.0,126.0,101.0,108.0,86.0,81.0,57.0,58.0,50.0
0.6512236086467478,0.288443684010597,12.0,0.66,0.78,0.0,6478.0,12.0,8.0,7.0,10.0,15.0,10.0,17.0,26.0,33.0,37.0,54.0,78.0,87.0,85.0,124.0,146.0,169.0,164.0,179.0,177.0,170.0,141.0,137.0,131.0,132.0,94.0
0.6512236086467478,0.288443684010597,12.0,0.66,0.78,0.0,6478.0,12.0,11.0,9.0,7.0,19.0,19.0,23.0,20.0,36.0,52.0,54.0,71.0,53.0,62.0,74.0,83.0,117.0,127.0,159.0,123.0,135.0,127.0,121.0,128.0,116.0,101.0
0.6512236086467478,0.288443684010597,12.0,0.66,0.78,0.0,6478.0,12.0,9.0,29.0,27.0,25.0,35.0,35.0,46.0,41.0,43.0,53.0,88.0,109.0,106.0,144.0,139.0,117.0,110.0,152.0,158.0,174.0,152.0,149.0,176.0,121.0,122.0
0.6512236086467478,0.288443684010597,12.0,0.66,0.78,0.0,6478.0,12.0,5.0,20.0,25.0,34.0,32.0,46.0,74.0,72.0,89.0,173.0,189.0,193.0,205.0,172.0,201.0,181.0,163.0,160.0,125.0,104.0,76.0,57.0,56.0,58.0,41.0
0.6512236086467478,0.288443684010597,12.0,0.66,0.78,0.0,6478.0,12.0,6.0,6.0,5.0,6.0,8.0,2.0,2.0,13.0,12.0,12.0,5.0,8.0,18.0,23.0,26.0,33.0,15.0,37.0,56.0,61.0,60.0,98.0,92.0,150.0,174.0
0.6512236086467478,0.288443684010597,12.0,0.66,0.78,0.0,6478.0,12.0,4.0,18.0,23.0,22.0,38.0,35.0,38.0,68.0,85.0,109.0,141.0,132.0,177.0,168.0,165.0,161.0,190.0,160.0,121.0,101.0,117.0,78.0,85.0,68.0,46.0
0.6512236086467478,0.288443684010597,12.0,0.66,0.78,0.0,6478.0,12.0,4.0,4.0,7.0,11.0,12.0,16.0,34.0,64.0,83.0,111.0,119.0,116.0,157.0,161.0,199.0,196.0,202.0,184.0,172.0,147.0,108.0,93.0,105.0,103.0,56.0
0.6512236086467478,0.288443684010597,12.0,0.66,0.78,0.0,6478.0,12.0,4.0,6.0,8.0,2.0,5.0,20.0,24.0,32.0,37.0,66.0,73.0,88.0,108.0,143.0,157.0,146.0,180.0,184.0,198.0,165.0,174.0,137.0,132.0,98.0,94.0
0.6512236086467478,0.288443684010597,12.0,0.66,0.78,0.0,6478.0,12.0,6.0,2.0,1.0,1.0,0.0,0.0,0.0,0.0,0.0,0.0,0.0,0.0,0.0,0.0,0.0,0.0,0.0,0.0,0.0,0.0,0.0,0.0,0.0,0.0,0.0
